,student_id,school,sex,age,address,famsize,Pstatus,Medu,Fedu,Mjob,Fjob,reason,guardian,traveltime,studytime,failures,schoolsup,famsup,paid,activities,nursery,higher,internet,romantic,famrel,freetime,goout,Dalc,Walc,health,absences,G1,G2,G3,enrollment_date,G1_exam_date,G2_exam_date,G3_exam_date
0,S149,GP,F,18,U,GT3,A,4,4,at_home,teacher,course,mother,2,2,0,yes,no,no,no,yes,yes,no,no,4,3,4,1,1,3,6.0,5,6.0,6,2008-09-02,2008-11-29,2009-03-04,2009-05-31
1,S108,GP,F,17,U,GT3,T,1,1,at_home,other,course,father,1,2,0,no,yes,no,no,no,yes,yes,no,5,3,3,1,1,3,4.0,5,5.0,6,2008-09-04,2008-11-30,2009-02-23,2009-05-29
2,S035,GP,F,15,U,LE3,T,1,1,at_home,other,other,mother,1,2,3,yes,no,yes,no,yes,yes,yes,no,4,3,2,2,3,3,10.0,7,8.0,10,2008-09-04,2008-11-29,2009-02-25,2009-06-03
3,S022,GP,F,15,U,GT3,T,4,2,health,services,home,mother,1,3,0,no,yes,yes,yes,yes,yes,yes,yes,3,2,2,1,1,5,2.0,15,14.0,15,2008-09-10,2008-12-09,2009-03-01,2009-06-04
4,S063,GP,F,16,U,GT3,T,3,3,other,other,home,father,1,2,0,no,yes,yes,no,yes,yes,no,no,4,3,2,1,2,5,4.0,6,10.0,10,2008-09-11,2008-12-07,2009-03-03,2009-06-01
5,S256,GP,M,16,U,LE3,T,4,3,services,other,reputation,mother,1,2,0,no,yes,yes,yes,yes,yes,yes,no,5,4,2,1,2,5,10.0,15,15.0,15,2008-09-11,2008-12-10,2009-03-13,2009-06-01
6,S251,GP,M,16,U,LE3,T,2,2,other,other,home,mother,1,2,0,no,no,no,no,yes,yes,yes,no,4,4,4,1,1,3,0.0,12,12.0,11,2008-09-14,2008-12-14,2009-03-17,2009-06-05
7,S107,GP,F,17,U,GT3,A,4,4,other,teacher,home,mother,2,2,0,yes,yes,no,no,yes,yes,no,no,4,1,4,1,1,1,6.0,6,5.0,6,2008-09-11,2008-12-13,2009-02-28,2009-06-06
8,S204,GP,M,15,U,LE3,A,3,2,services,other,home,mother,1,2,0,no,yes,yes,no,yes,yes,yes,no,4,2,2,1,1,1,0.0,16,18.0,19,2008-09-05,2008-12-05,2009-03-03,2009-05-26
9,S185,GP,M,15,U,GT3,T,3,4,other,other,home,mother,1,2,0,no,yes,yes,yes,yes,yes,yes,no,5,5,1,1,1,5,0.0,14,15.0,15,2008-09-02,2008-11-28,2009-02-22,2009-06-02
10,S029,GP,F,15,U,GT3,T,4,4,teacher,health,reputation,mother,1,2,0,no,yes,yes,no,yes,yes,yes,no,3,3,3,1,2,2,0.0,10,8.0,9,2008-09-09,2008-12-05,2009-02-28,2009-06-03
11,S017,GP,F,15,U,GT3,T,2,1,services,other,reputation,father,3,3,0,no,yes,,yes,yes,yes,yes,no,5,2,2,1,1,4,4.0,10,12.0,12,2008-09-13,2008-12-05,2009-03-06,2009-06-12
12,S213,GP,M,15,U,LE3,T,4,4,health,services,course,father,1,1,0,no,yes,yes,yes,yes,yes,yes,no,4,3,3,1,3,5,2.0,14,14.0,14,2008-09-14,2008-12-11,2009-03-05,2009-06-11
13,S192,GP,M,15,U,GT3,T,4,3,teacher,other,course,mother,2,2,0,no,yes,yes,no,yes,yes,yes,no,5,4,3,1,2,3,2.0,10,10.0,11,2008-09-04,2008-11-25,2009-02-28,2009-05-27
14,S177,GP,M,15,U,GT3,A,2,2,other,other,home,other,1,3,0,no,yes,no,no,yes,yes,yes,yes,4,5,2,1,1,3,0.0,14,16.0,16,2008-09-04,2008-12-06,2009-03-07,2009-05-25
15,S076,GP,F,16,U,GT3,T,4,4,health,other,home,mother,1,1,0,no,yes,no,no,yes,yes,yes,no,4,4,4,1,2,2,4.0,14,14.0,14,2008-09-01,2008-12-02,2009-02-26,2009-05-30
16,S078,GP,F,16,U,GT3,T,4,4,,services,reputation,mother,1,3,0,no,yes,yes,yes,yes,yes,yes,no,3,2,3,1,2,2,6.0,13,14.0,14,2008-09-02,2008-11-22,2009-03-01,2009-05-24
17,S065,GP,F,16,U,GT3,T,3,3,other,other,reputation,mother,3,2,0,yes,yes,no,yes,yes,yes,no,no,5,3,2,1,1,4,4.0,8,10.0,10,2008-09-08,2008-12-08,2009-03-04,2009-05-29
18,S273,GP,M,17,U,GT3,T,3,2,services,services,course,mother,1,1,3,no,yes,no,yes,yes,yes,yes,no,5,5,5,2,4,5,16.0,6,5.0,5,2008-09-08,2008-11-28,2009-02-25,2009-06-08
19,S255,GP,M,16,U,LE3,T,4,3,health,other,home,father,1,1,0,no,no,yes,yes,yes,yes,yes,no,3,1,3,1,3,5,4.0,8,10.0,10,2008-09-06,2008-12-05,2009-02-24,2009-05-31
20,S194,GP,M,15,U,GT3,T,4,3,teacher,other,reputation,mother,1,2,0,no,no,no,no,yes,yes,yes,no,4,4,1,1,1,1,0.0,13,14.0,15,2008-09-05,2008-11-25,2009-02-26,2009-05-23
21,S196,GP,M,15,U,GT3,T,4,4,health,health,other,father,1,1,0,no,yes,yes,no,yes,yes,yes,no,5,4,2,1,1,5,0.0,12,15.0,15,2008-09-12,2008-12-08,2009-03-04,2009-06-06
22,S254,GP,M,16,U,LE3,T,4,2,teacher,other,course,mother,1,2,0,no,no,no,yes,yes,yes,yes,no,4,5,1,1,3,5,2.0,15,15.0,16,2008-09-07,2008-12-05,2009-03-08,2009-05-31
23,S252,GP,M,16,U,LE3,T,2,2,other,other,reputation,mother,2,2,0,no,yes,no,yes,yes,yes,yes,no,5,4,4,2,4,5,0.0,13,13.0,12,2008-09-12,2008-12-11,2009-03-13,2009-06-11
24,S004,GP,F,15,R,GT3,T,2,4,services,health,course,mother,1,3,0,yes,yes,yes,yes,yes,yes,yes,no,4,3,2,1,1,5,2.0,10,9.0,8,2008-09-14,2008-12-09,2009-03-15,2009-06-11
25,S057,GP,F,16,U,GT3,T,2,2,,services,home,mother,1,1,2,no,yes,yes,no,no,yes,yes,no,1,2,2,1,3,5,14.0,6,9.0,8,2008-09-05,2008-12-07,2009-03-03,2009-05-25
26,S180,GP,M,15,U,GT3,T,2,2,other,other,home,mother,1,1,0,no,yes,yes,no,yes,yes,yes,no,4,2,2,1,2,5,2.0,12,12.0,11,2008-09-03,2008-12-03,2009-02-28,2009-05-23
27,S189,GP,M,15,U,GT3,T,4,2,health,services,other,mother,1,1,0,no,no,yes,no,yes,yes,yes,no,2,2,4,2,4,1,4.0,15,16.0,15,2008-09-14,2008-12-06,2009-03-12,2009-06-10
28,S245,GP,M,16,U,LE3,A,3,4,services,other,home,mother,1,2,0,yes,yes,no,yes,yes,yes,yes,no,5,3,3,1,1,5,4.0,11,11.0,11,2008-09-09,2008-12-08,2009-03-04,2009-05-27
29,S244,GP,M,16,U,GT3,T,4,4,teacher,teacher,home,mother,1,2,0,no,yes,,yes,yes,yes,yes,yes,4,4,5,5,5,5,16.0,10,12.0,11,2008-09-05,2008-12-04,2009-03-04,2009-05-27
30,S197,GP,M,15,U,GT3,T,4,4,health,services,home,mother,1,2,0,no,yes,yes,no,no,yes,yes,no,5,4,2,3,4,5,0.0,9,11.0,12,2008-09-09,2008-12-03,2009-03-09,2009-05-29
31,S200,GP,M,15,U,GT3,T,4,4,services,services,reputation,mother,2,2,0,no,yes,no,yes,yes,yes,yes,no,4,3,1,1,1,5,0.0,17,16.0,17,2008-09-08,2008-12-08,2009-03-08,2009-05-26
32,S175,GP,M,15,R,GT3,T,4,3,teacher,at_home,course,mother,1,2,0,no,yes,no,yes,yes,yes,yes,yes,4,5,2,1,1,5,,17,16.0,16,2008-09-13,2008-12-15,2009-03-11,2009-06-13
33,S210,GP,M,15,U,LE3,T,3,3,other,other,course,mother,1,2,0,no,no,no,yes,no,yes,yes,no,5,3,2,1,1,2,,8,10.0,12,2008-09-04,2008-12-05,2009-02-21,2009-05-23
34,S233,GP,M,16,U,GT3,T,3,2,other,other,home,mother,1,1,0,no,yes,,no,no,yes,yes,no,5,4,3,1,1,5,0.0,12,14.0,15,2008-09-14,2008-12-14,2009-03-13,2009-06-01
35,S019,GP,F,15,U,GT3,T,2,3,other,other,other,father,2,1,0,no,yes,no,yes,yes,yes,no,no,3,5,1,1,1,5,0.0,8,7.0,6,2008-09-14,2008-12-12,2009-03-08,2009-06-14
36,S212,GP,M,15,U,LE3,T,4,3,teacher,services,home,mother,1,3,0,no,yes,no,yes,yes,yes,yes,no,5,4,3,1,1,4,,15,,18,2008-09-03,2008-11-26,2009-03-03,2009-05-23
37,S215,GP,M,16,R,GT3,A,4,4,other,teacher,reputation,mother,2,3,0,no,yes,no,yes,yes,yes,yes,yes,2,4,3,1,1,5,7.0,15,16.0,15,2008-09-03,2008-12-03,2009-02-28,2009-06-02
38,S006,GP,F,15,R,GT3,T,3,4,services,health,course,mother,1,3,0,yes,yes,yes,yes,yes,yes,yes,no,4,3,2,1,1,5,2.0,12,12.0,11,2008-09-08,2008-12-02,2009-03-10,2009-05-26
39,S003,GP,F,15,R,GT3,T,2,2,at_home,other,reputation,mother,1,1,0,yes,yes,yes,yes,yes,yes,no,no,4,3,1,1,1,2,8.0,14,13.0,13,2008-09-01,2008-11-27,2009-02-23,2009-05-21
40,S085,GP,F,16,U,LE3,T,2,2,other,other,home,mother,2,2,1,no,yes,no,yes,no,yes,yes,yes,3,3,3,1,2,3,25.0,7,10.0,11,2008-09-05,2008-11-28,2009-03-07,2009-05-24
41,S214,GP,M,15,U,LE3,T,4,4,teacher,other,home,other,1,1,0,no,yes,no,no,no,yes,yes,yes,5,4,3,2,4,5,8.0,12,12.0,12,2008-09-07,2008-11-30,2009-03-08,2009-06-04
42,S201,GP,M,15,U,GT3,T,4,4,services,teacher,course,father,1,2,0,no,yes,,yes,yes,yes,yes,no,4,3,3,1,1,5,2.0,19,18.0,18,2008-09-14,2008-12-05,2009-03-07,2009-06-10
43,S181,GP,M,15,U,GT3,T,2,2,services,services,course,father,1,1,0,yes,yes,no,no,yes,yes,yes,no,5,4,1,1,1,1,0.0,8,8.0,11,2008-09-14,2008-12-17,2009-03-10,2009-06-08
44,S084,GP,F,16,U,LE3,T,2,2,other,at_home,course,father,2,2,1,yes,no,no,yes,yes,yes,yes,no,4,3,3,2,2,5,14.0,10,10.0,9,2008-09-03,2008-11-24,2009-02-27,2009-05-24
45,S034,GP,F,15,U,LE3,A,4,3,other,other,course,mother,1,2,0,yes,yes,yes,yes,yes,yes,yes,yes,5,2,2,1,1,5,8.0,8,8.0,6,2008-09-13,2008-12-03,2009-03-13,2009-06-01
46,S080,GP,F,16,U,LE3,A,3,3,other,services,home,mother,1,2,0,no,yes,no,no,yes,yes,yes,no,2,3,5,1,4,3,12.0,11,12.0,11,2008-09-02,2008-12-05,2009-03-01,2009-05-28
47,S238,GP,M,16,U,GT3,T,4,3,health,services,reputation,mother,1,4,0,no,no,no,yes,yes,yes,yes,no,4,2,2,1,1,2,4.0,19,19.0,20,2008-09-11,2008-12-08,2009-03-12,2009-06-01
48,S191,GP,M,15,U,GT3,T,4,2,teacher,other,home,mother,1,2,0,no,yes,yes,no,yes,yes,no,no,4,3,3,2,2,5,2.0,15,15.0,14,2008-09-12,2008-12-07,2009-03-06,2009-06-07
49,S028,GP,F,15,U,GT3,T,4,4,services,teacher,other,father,1,2,1,yes,yes,no,yes,no,yes,yes,no,4,4,4,1,1,3,2.0,7,7.0,7,2008-09-13,2008-12-13,2009-03-09,2009-06-10
50,S086,GP,F,16,U,LE3,T,2,2,services,services,course,mother,3,2,0,no,yes,yes,no,yes,yes,yes,no,4,3,3,2,3,4,,12,13.0,13,2008-09-04,2008-11-28,2009-02-27,2009-06-03
51,S037,GP,F,15,U,LE3,T,4,2,health,other,other,mother,1,2,0,no,yes,,no,yes,yes,yes,no,4,3,3,1,1,5,2.0,11,13.0,13,2008-09-13,2008-12-03,2009-03-15,2009-06-07
52,S205,GP,M,15,U,LE3,A,4,2,health,health,other,father,2,1,1,no,no,no,no,yes,yes,no,no,5,5,5,3,4,5,6.0,11,11.0,10,2008-09-02,2008-12-01,2009-02-23,2009-05-20
53,S026,GP,F,15,U,GT3,T,4,4,services,services,course,mother,1,1,0,yes,yes,yes,no,yes,yes,yes,no,3,3,4,2,3,5,0.0,8,10.0,11,2008-09-08,2008-11-29,2009-03-05,2009-05-30
54,S032,GP,F,15,U,LE3,A,3,3,other,other,other,mother,1,1,0,no,no,yes,no,yes,yes,yes,no,5,3,4,4,4,1,6.0,10,,13,2008-09-07,2008-12-04,2009-02-25,2009-06-06
55,S042,GP,F,16,U,GT3,A,2,1,other,other,other,mother,1,2,0,no,no,yes,yes,yes,yes,yes,yes,5,3,4,1,1,2,8.0,8,9.0,10,2008-09-05,2008-12-08,2009-03-06,2009-05-30
56,S011,GP,F,15,U,GT3,A,4,3,services,services,reputation,mother,1,2,0,no,yes,yes,yes,yes,yes,yes,no,4,3,2,1,1,1,0.0,14,15.0,15,2008-09-01,2008-12-04,2009-02-23,2009-05-28
57,S202,GP,M,15,U,GT3,T,4,4,teacher,health,reputation,mother,1,2,0,no,yes,no,yes,yes,yes,no,no,3,2,2,1,1,5,4.0,14,15.0,15,2008-09-11,2008-12-05,2009-03-05,2009-06-04
58,S207,GP,M,15,U,LE3,T,1,2,other,at_home,home,father,1,2,0,yes,yes,no,yes,yes,yes,yes,no,4,3,2,1,1,5,2.0,9,10.0,9,2008-09-05,2008-12-05,2009-03-02,2009-05-25
59,S069,GP,F,16,U,GT3,T,4,2,services,other,course,mother,1,2,0,no,yes,no,no,yes,yes,yes,no,4,2,3,1,1,5,2.0,15,16.0,16,2008-09-10,2008-12-08,2009-03-06,2009-06-10
60,S041,GP,F,16,R,GT3,T,4,4,,teacher,other,mother,1,2,0,no,yes,no,yes,yes,yes,no,no,2,4,4,2,3,4,6.0,10,11.0,11,2008-09-06,2008-12-02,2009-03-07,2009-06-04
61,S048,GP,F,16,U,GT3,T,1,1,,services,course,father,4,1,0,yes,yes,no,yes,no,yes,yes,yes,5,5,5,5,5,5,6.0,10,8.0,11,2008-09-06,2008-11-27,2009-03-02,2009-06-07
62,S082,GP,F,16,U,LE3,T,1,2,other,services,reputation,father,1,2,0,yes,no,no,yes,yes,yes,yes,no,4,4,3,1,1,1,4.0,8,10.0,9,2008-09-13,2008-12-07,2009-03-09,2009-06-12
63,S073,GP,F,16,U,GT3,T,4,3,teacher,health,home,mother,1,3,0,yes,yes,yes,yes,yes,yes,yes,no,3,4,4,2,4,4,2.0,10,9.0,9,2008-09-02,2008-11-30,2009-02-20,2009-05-24
64,S038,GP,F,15,U,LE3,T,4,3,services,services,reputation,father,1,2,0,yes,no,no,yes,yes,yes,yes,yes,4,4,4,2,4,2,0.0,10,10.0,10,2008-09-11,2008-12-14,2009-02-28,2009-06-01
65,S090,GP,F,16,U,LE3,T,4,3,teacher,services,course,mother,3,2,0,no,yes,no,yes,yes,yes,yes,no,5,4,3,1,2,1,2.0,16,15.0,15,2008-09-11,2008-11-30,2009-03-05,2009-06-01
66,S179,GP,M,15,U,GT3,A,4,4,other,services,reputation,mother,1,4,0,no,yes,no,yes,no,yes,yes,yes,1,3,3,5,5,3,4.0,13,13.0,12,2008-09-06,2008-12-05,2009-03-09,2009-06-06
67,S061,GP,F,16,U,GT3,T,3,1,services,other,course,mother,1,4,0,yes,yes,yes,no,yes,yes,yes,no,4,3,3,1,2,5,4.0,7,7.0,6,2008-09-04,2008-12-05,2009-03-06,2009-05-30
68,S008,GP,F,15,R,LE3,T,2,2,health,services,reputation,mother,2,2,0,yes,yes,yes,no,yes,yes,yes,no,4,1,3,1,3,4,2.0,8,9.0,8,2008-09-01,2008-12-04,2009-02-27,2009-05-25
69,S009,GP,F,15,R,LE3,T,3,1,other,other,reputation,father,2,4,0,no,yes,no,no,no,yes,yes,no,4,4,2,2,3,3,12.0,16,16.0,16,2008-09-14,2008-12-09,2009-03-12,2009-06-15
70,S231,GP,M,16,U,GT3,T,3,1,other,other,reputation,father,2,4,0,no,yes,yes,no,yes,yes,yes,no,4,3,2,1,1,5,0.0,13,15.0,15,2008-09-14,2008-12-04,2009-03-08,2009-06-10
71,S190,GP,M,15,U,GT3,T,4,2,other,other,course,mother,1,4,0,no,no,no,no,yes,yes,yes,no,3,3,3,1,1,3,0.0,10,10.0,10,2008-09-04,2008-11-27,2009-02-23,2009-06-04
72,S002,GP,F,15,R,GT3,T,1,1,other,other,reputation,mother,1,2,2,yes,yes,no,no,no,yes,yes,yes,3,3,4,2,4,5,2.0,8,6.0,5,2008-09-01,2008-12-02,2009-02-18,2009-06-02
73,S230,GP,M,16,U,GT3,T,3,1,other,other,reputation,mother,1,1,0,no,no,no,yes,yes,yes,no,no,5,3,2,2,2,5,2.0,12,12.0,14,2008-09-02,2008-12-04,2009-02-24,2009-05-21
74,S066,GP,F,16,U,GT3,T,3,3,,services,home,mother,1,2,0,yes,yes,yes,yes,yes,yes,yes,no,4,3,3,2,4,5,54.0,11,12.0,11,2008-09-01,2008-11-29,2009-02-22,2009-05-24
75,S193,GP,M,15,U,GT3,T,4,3,teacher,other,home,mother,1,2,0,no,yes,yes,yes,yes,yes,yes,no,4,3,3,2,3,5,6.0,9,9.0,10,2008-09-12,2008-12-02,2009-03-03,2009-06-10
76,S188,GP,M,15,U,GT3,T,4,0,teacher,other,course,mother,2,4,0,no,no,no,yes,yes,yes,yes,no,3,4,3,1,1,1,8.0,11,11.0,10,2008-09-13,2008-12-03,2009-03-05,2009-06-12
77,S055,GP,F,16,U,GT3,T,2,2,other,other,reputation,mother,1,4,0,no,no,yes,no,yes,yes,yes,yes,5,2,3,1,3,3,,11,11.0,11,2008-09-03,2008-11-29,2009-02-20,2009-05-23
78,S359,GP,M,17,U,GT3,T,2,1,other,other,home,mother,2,1,3,yes,yes,no,yes,yes,no,yes,no,4,5,1,1,1,3,2.0,8,,10,2008-09-11,2008-12-08,2009-03-09,2009-06-02
79,S067,GP,F,16,U,GT3,T,3,4,at_home,other,course,mother,1,2,0,no,yes,no,no,yes,yes,yes,no,2,4,3,1,2,3,12.0,5,5.0,5,2008-09-03,2008-11-22,2009-03-05,2009-05-29
80,S184,GP,M,15,U,GT3,T,2,3,other,services,course,father,1,1,0,yes,yes,yes,yes,no,yes,yes,yes,3,2,2,1,3,3,2.0,10,12.0,12,2008-09-06,2008-12-05,2009-03-05,2009-06-04
81,S183,GP,M,15,U,GT3,T,2,3,other,other,home,mother,1,3,0,yes,no,yes,no,no,yes,yes,no,5,3,2,1,2,5,4.0,11,10.0,11,2008-09-09,2008-12-06,2009-03-04,2009-05-28
82,S036,GP,F,15,U,LE3,T,3,2,services,other,reputation,mother,1,2,0,no,yes,yes,no,yes,yes,yes,no,4,4,4,1,1,5,10.0,7,6.0,6,2008-09-11,2008-11-30,2009-03-06,2009-06-07
83,S209,GP,M,15,U,LE3,T,2,2,services,services,home,mother,2,2,0,no,no,yes,yes,yes,yes,yes,no,5,3,3,1,3,4,4.0,15,15.0,15,2008-09-13,2008-12-03,2009-03-06,2009-06-04
84,S013,GP,F,15,U,GT3,T,1,1,other,other,home,father,1,2,0,no,yes,,yes,no,yes,yes,no,4,3,2,2,3,4,2.0,9,10.0,10,2008-09-01,2008-11-26,2009-02-20,2009-05-22
85,S027,GP,F,15,U,GT3,T,4,4,services,services,reputation,father,2,2,2,no,no,yes,no,yes,yes,yes,yes,4,4,4,2,3,5,6.0,7,9.0,8,2008-09-03,2008-12-02,2009-02-28,2009-05-28
86,S083,GP,F,16,U,LE3,T,2,2,at_home,other,course,mother,1,2,0,no,yes,no,no,yes,yes,no,no,4,3,4,1,2,2,4.0,8,7.0,6,2008-09-04,2008-12-05,2009-03-01,2009-05-28
87,S023,GP,F,15,U,GT3,T,4,2,other,other,reputation,mother,1,3,0,no,yes,no,yes,yes,yes,yes,no,5,3,3,1,3,1,4.0,13,14.0,14,2008-09-05,2008-11-30,2009-02-22,2009-06-01
88,S228,GP,M,16,U,GT3,T,2,2,services,other,reputation,father,2,2,1,no,no,yes,yes,no,yes,yes,no,4,4,2,1,1,3,12.0,11,10.0,10,2008-09-14,2008-12-07,2009-03-09,2009-06-05
89,S246,GP,M,16,U,LE3,A,4,4,teacher,health,reputation,mother,1,2,0,no,yes,no,no,yes,yes,no,no,4,1,3,3,5,5,18.0,8,6.0,7,2008-09-11,2008-12-14,2009-03-04,2009-06-10
90,S064,GP,F,16,U,GT3,T,3,3,other,other,home,mother,1,3,0,no,yes,,no,yes,yes,yes,yes,4,3,3,1,3,4,0.0,7,7.0,8,2008-09-05,2008-11-30,2009-02-24,2009-05-24
91,S024,GP,F,15,U,GT3,T,4,3,services,other,reputation,mother,1,1,0,no,no,yes,yes,yes,yes,yes,no,4,5,5,1,3,1,4.0,16,17.0,18,2008-09-14,2008-12-07,2009-03-13,2009-06-13
92,S088,GP,F,16,U,LE3,T,3,1,other,other,home,father,1,2,0,yes,yes,no,no,yes,yes,no,no,3,3,3,2,3,2,4.0,7,6.0,6,2008-09-07,2008-12-02,2009-03-03,2009-05-25
93,S070,GP,F,16,U,GT3,T,4,2,teacher,services,home,mother,2,2,0,no,yes,yes,yes,yes,yes,yes,no,5,3,3,1,1,1,0.0,11,,10,2008-09-08,2008-11-27,2009-03-06,2009-06-06
94,S208,GP,M,15,U,LE3,T,2,2,services,health,reputation,mother,1,4,0,no,yes,no,yes,yes,yes,yes,no,4,3,4,1,1,4,6.0,11,13.0,14,2008-09-07,2008-11-30,2009-03-06,2009-05-30
95,S001,GP,F,15,R,GT3,T,1,1,at_home,other,home,mother,2,4,1,yes,yes,yes,yes,yes,yes,yes,no,3,1,2,1,1,1,2.0,7,10.0,10,2008-09-03,2008-11-29,2009-03-06,2009-05-26
96,S220,GP,M,16,R,GT3,T,4,3,services,other,reputation,mother,2,1,0,yes,yes,no,yes,no,yes,yes,no,3,3,3,1,1,4,2.0,11,15.0,15,2008-09-14,2008-12-16,2009-03-15,2009-06-01
97,S050,GP,F,16,U,GT3,T,2,1,other,other,course,mother,1,2,0,no,yes,yes,no,yes,yes,no,yes,4,3,5,1,1,5,2.0,8,9.0,10,2008-09-01,2008-12-01,2009-02-27,2009-05-29
98,S077,GP,F,16,U,GT3,T,4,4,other,other,reputation,mother,1,1,0,no,no,no,yes,no,yes,yes,no,5,3,4,1,2,1,6.0,11,14.0,14,2008-09-03,2008-12-03,2009-03-05,2009-05-23
99,S072,GP,F,16,U,GT3,T,4,3,other,at_home,course,mother,1,3,0,yes,yes,yes,no,yes,yes,yes,no,5,3,5,1,1,3,0.0,7,9.0,8,2008-09-04,2008-12-01,2009-02-28,2009-05-31
100,S242,GP,M,16,U,GT3,T,4,4,services,services,other,mother,1,1,0,yes,yes,yes,yes,yes,yes,yes,no,4,5,5,5,5,4,14.0,7,7.0,5,2008-09-04,2008-11-24,2009-03-07,2009-06-01
101,S243,GP,M,16,U,GT3,T,4,4,services,teacher,other,father,1,3,0,no,yes,no,yes,yes,yes,yes,yes,4,4,3,1,1,4,0.0,16,17.0,17,2008-09-02,2008-11-26,2009-03-02,2009-06-01
102,S199,GP,M,15,U,GT3,T,4,4,services,other,course,mother,1,1,0,no,yes,no,yes,no,yes,yes,no,5,3,3,1,1,5,4.0,10,13.0,14,2008-09-01,2008-12-04,2009-02-27,2009-05-29
103,S021,GP,F,15,U,GT3,T,3,2,services,other,home,mother,2,2,0,yes,yes,yes,no,yes,yes,yes,no,4,3,5,1,1,2,26.0,7,6.0,6,2008-09-10,2008-11-29,2009-03-12,2009-06-01
104,S178,GP,M,15,U,GT3,A,3,4,services,other,course,mother,1,2,0,no,yes,yes,yes,yes,yes,yes,no,5,4,4,1,1,1,0.0,16,18.0,18,2008-09-14,2008-12-16,2009-03-10,2009-06-12
105,S010,GP,F,15,U,GT3,A,3,3,other,health,reputation,father,1,4,0,yes,no,no,no,yes,yes,no,no,4,3,3,1,1,4,10.0,10,11.0,11,2008-09-02,2008-12-01,2009-03-01,2009-06-01
106,S018,GP,F,15,U,GT3,T,2,2,other,other,course,mother,1,4,0,yes,yes,yes,no,yes,yes,yes,no,5,1,2,1,1,3,8.0,7,8.0,8,2008-09-05,2008-11-28,2009-02-26,2009-05-27
107,S360,GP,M,16,U,GT3,T,3,3,services,other,home,father,1,3,0,no,yes,no,yes,yes,yes,yes,no,5,3,3,1,1,5,2.0,16,18.0,18,2008-09-08,2008-12-08,2009-03-11,2009-05-27
108,S176,GP,M,15,R,GT3,T,4,4,other,other,home,father,4,4,0,no,yes,,yes,yes,yes,yes,yes,1,3,5,3,5,1,6.0,10,13.0,13,2008-09-13,2008-12-14,2009-03-11,2009-06-13
109,S091,GP,F,16,U,LE3,T,4,4,health,health,other,mother,1,3,0,no,yes,yes,yes,yes,yes,yes,yes,5,4,5,1,1,4,4.0,14,15.0,16,2008-09-10,2008-11-29,2009-03-10,2009-05-30
110,S206,GP,M,15,U,LE3,A,4,4,teacher,teacher,course,mother,1,1,0,no,no,no,yes,yes,yes,yes,no,5,5,3,1,1,4,6.0,18,19.0,19,2008-09-11,2008-12-01,2009-03-06,2009-06-06
111,S040,GP,F,16,R,GT3,T,3,3,services,other,reputation,father,1,3,1,yes,yes,no,yes,yes,yes,yes,no,4,1,2,1,1,2,0.0,7,10.0,10,2008-09-09,2008-12-07,2009-03-11,2009-05-30
112,S052,GP,F,16,U,GT3,T,2,2,at_home,other,home,mother,1,2,1,yes,no,no,yes,yes,yes,yes,no,3,1,2,1,1,5,6.0,10,,13,2008-09-06,2008-12-09,2009-02-24,2009-05-25
113,S211,GP,M,15,U,LE3,T,4,2,teacher,other,course,mother,1,1,0,no,no,no,no,yes,yes,yes,no,3,5,2,1,1,3,10.0,18,19.0,19,2008-09-03,2008-11-22,2009-02-21,2009-06-01
114,S172,GP,M,15,R,GT3,T,2,1,health,services,reputation,mother,1,2,0,no,no,no,yes,yes,yes,yes,yes,5,4,2,1,1,5,8.0,9,9.0,9,2008-09-13,2008-12-11,2009-03-09,2009-06-02
115,S361,GP,M,16,U,GT3,T,4,4,teacher,teacher,course,father,1,2,0,no,yes,no,yes,yes,yes,yes,no,5,4,4,1,2,5,2.0,15,15.0,16,2008-09-12,2008-12-03,2009-03-11,2009-06-09
116,S198,GP,M,15,U,GT3,T,4,4,other,teacher,reputation,father,2,2,0,no,yes,no,yes,yes,yes,no,no,4,4,3,1,1,2,2.0,11,13.0,14,2008-09-01,2008-11-29,2009-03-02,2009-05-29
117,S236,GP,M,16,U,GT3,T,3,3,other,services,home,father,2,1,0,no,no,,yes,yes,yes,yes,no,5,4,2,1,1,5,0.0,13,14.0,13,2008-09-11,2008-12-09,2009-03-06,2009-05-29
118,S260,GP,M,17,R,GT3,T,1,3,other,other,course,father,3,2,1,no,yes,no,yes,yes,yes,yes,no,5,2,4,1,4,5,20.0,9,7.0,8,2008-09-02,2008-11-22,2009-02-28,2009-05-22
119,S186,GP,M,15,U,GT3,T,3,4,other,other,reputation,father,1,1,0,no,no,no,no,yes,yes,yes,no,3,4,3,1,2,4,6.0,14,,13,2008-09-11,2008-12-10,2009-03-08,2009-06-09
120,S016,GP,F,15,U,GT3,T,1,2,at_home,services,course,mother,1,2,0,no,no,no,no,no,yes,yes,no,3,2,3,1,2,1,2.0,16,15.0,15,2008-09-12,2008-12-14,2009-03-15,2009-06-06
121,S182,GP,M,15,U,GT3,T,2,2,services,services,home,father,1,4,0,no,yes,yes,yes,yes,yes,yes,no,5,5,4,1,2,5,6.0,16,14.0,15,2008-09-02,2008-12-03,2009-02-28,2009-05-21
122,S087,GP,F,16,U,LE3,T,2,4,other,health,course,father,2,2,0,no,yes,yes,yes,yes,yes,yes,yes,4,2,2,1,2,5,2.0,13,13.0,13,2008-09-07,2008-11-26,2009-03-02,2009-06-08
123,S240,GP,M,16,U,GT3,T,4,4,health,other,course,mother,1,1,0,no,yes,no,yes,yes,yes,yes,no,3,4,4,1,4,5,18.0,14,11.0,13,2008-09-02,2008-11-24,2009-03-05,2009-05-23
124,S054,GP,F,16,U,GT3,T,2,2,other,other,home,mother,1,2,0,no,no,yes,no,yes,yes,yes,yes,5,4,4,1,1,5,0.0,8,7.0,8,2008-09-08,2008-11-30,2009-02-26,2009-05-26
125,S187,GP,M,15,U,GT3,T,3,4,services,services,home,father,1,1,0,yes,no,no,no,yes,yes,yes,no,5,5,5,3,2,5,0.0,13,13.0,12,2008-09-13,2008-12-08,2009-03-16,2009-06-13
126,S033,GP,F,15,U,LE3,A,3,4,other,other,home,mother,1,2,0,yes,no,no,yes,yes,yes,yes,yes,5,3,2,1,1,1,0.0,7,10.0,11,2008-09-02,2008-11-23,2009-02-21,2009-05-20
127,S168,GP,F,19,U,GT3,T,0,1,at_home,other,course,other,1,2,3,no,yes,no,no,no,no,no,no,3,4,2,1,1,5,2.0,7,8.0,9,2008-09-06,2008-12-07,2009-02-27,2009-06-01
128,S362,GP,M,18,R,GT3,T,2,2,services,other,reputation,mother,1,1,2,no,yes,no,yes,yes,yes,yes,no,3,3,3,1,2,4,0.0,7,4.0,0,2008-09-14,2008-12-14,2009-03-15,2009-06-15
129,S221,GP,M,16,R,GT3,T,4,4,teacher,teacher,course,mother,1,1,0,no,no,yes,yes,yes,yes,yes,no,3,5,5,2,5,4,8.0,18,18.0,18,2008-09-05,2008-12-06,2009-03-05,2009-05-31
130,S007,GP,F,15,R,GT3,T,3,4,services,teacher,course,father,2,3,2,no,yes,no,no,yes,yes,yes,yes,4,2,2,2,2,5,0.0,12,0.0,0,2008-09-02,2008-11-23,2009-03-05,2009-05-28
131,S012,GP,F,15,U,GT3,T,1,1,at_home,other,course,mother,3,1,0,no,yes,no,yes,no,yes,yes,yes,4,3,3,1,2,4,0.0,8,0.0,0,2008-09-07,2008-11-26,2009-03-07,2009-05-30
132,S134,GP,F,17,U,LE3,T,2,2,other,other,course,father,1,1,0,no,yes,no,no,yes,yes,yes,yes,3,4,4,1,3,5,12.0,10,13.0,12,2008-09-08,2008-12-10,2009-03-06,2009-05-27
133,S046,GP,F,16,U,GT3,A,3,4,,other,course,father,1,1,0,no,no,no,no,yes,yes,yes,no,3,2,1,1,4,5,16.0,12,11.0,11,2008-09-10,2008-12-03,2009-03-04,2009-06-05
134,S174,GP,M,15,R,GT3,T,3,4,at_home,teacher,course,mother,4,2,0,no,yes,no,no,yes,yes,no,yes,5,3,3,1,1,5,0.0,9,0.0,0,2008-09-05,2008-12-03,2009-02-22,2009-06-05
135,S025,GP,F,15,U,GT3,T,4,4,services,at_home,course,mother,1,3,0,no,yes,,yes,yes,yes,yes,yes,4,3,3,1,1,5,0.0,11,0.0,0,2008-09-14,2008-12-16,2009-03-04,2009-06-02
136,S264,GP,M,17,R,GT3,T,3,4,at_home,other,course,mother,3,2,0,no,no,no,no,yes,yes,no,no,5,4,5,2,4,5,0.0,10,0.0,0,2008-09-08,2008-11-27,2009-03-01,2009-06-08
137,S045,GP,F,16,U,GT3,A,3,3,other,other,course,other,2,1,2,no,yes,no,yes,no,yes,yes,yes,4,3,2,1,1,5,0.0,4,0.0,0,2008-09-05,2008-11-24,2009-02-22,2009-05-29
138,S248,GP,M,16,U,LE3,T,1,1,services,other,course,mother,1,2,1,no,no,no,no,yes,yes,no,yes,4,4,4,1,3,5,0.0,14,12.0,12,2008-09-14,2008-12-03,2009-03-10,2009-06-09
139,S031,GP,F,15,U,GT3,T,4,4,teacher,teacher,course,mother,2,1,0,no,no,no,yes,yes,yes,yes,no,4,3,2,1,1,5,0.0,16,16.0,15,2008-09-13,2008-12-04,2009-03-13,2009-06-02
140,S195,GP,M,15,U,GT3,T,4,3,,services,course,father,2,4,0,yes,yes,no,no,yes,yes,yes,no,2,2,2,1,1,3,0.0,7,9.0,0,2008-09-07,2008-11-26,2009-03-10,2009-06-03
141,S253,GP,M,16,U,LE3,T,2,2,services,services,reputation,father,2,1,2,no,yes,no,yes,yes,yes,yes,no,2,3,3,2,2,2,8.0,9,9.0,9,2008-09-01,2008-12-02,2009-02-25,2009-05-21
142,S030,GP,F,15,U,GT3,T,4,4,teacher,services,course,mother,1,3,0,no,yes,yes,yes,yes,yes,yes,no,4,2,2,1,1,5,2.0,9,11.0,11,2008-09-09,2008-12-07,2009-03-11,2009-05-31
143,S081,GP,F,16,U,LE3,T,1,1,at_home,at_home,course,mother,1,1,0,no,no,no,no,yes,yes,yes,no,3,4,4,3,3,1,2.0,14,14.0,13,2008-09-08,2008-12-11,2009-03-11,2009-06-05
144,S363,GP,M,17,U,GT3,T,2,1,,other,home,mother,1,1,3,no,yes,no,no,yes,yes,yes,no,5,4,5,1,2,5,0.0,5,0.0,0,2008-09-03,2008-12-04,2009-03-04,2009-05-21
145,S014,GP,F,15,U,GT3,T,1,1,other,services,course,father,1,2,0,no,yes,yes,no,yes,yes,yes,no,4,4,2,1,2,5,0.0,8,11.0,11,2008-09-09,2008-12-12,2009-03-04,2009-06-02
146,S020,GP,F,15,U,GT3,T,3,2,health,services,home,father,1,2,3,no,yes,no,no,yes,yes,yes,no,3,3,2,1,1,3,0.0,6,7.0,0,2008-09-12,2008-12-04,2009-03-05,2009-06-07
147,S015,GP,F,15,U,GT3,T,1,2,at_home,other,course,mother,1,2,0,no,yes,yes,no,no,yes,yes,no,4,3,2,1,1,5,2.0,10,11.0,11,2008-09-02,2008-11-25,2009-03-05,2009-05-21
148,S364,GP,M,16,U,GT3,T,4,4,teacher,teacher,course,mother,1,1,0,no,yes,no,no,yes,no,yes,yes,3,3,2,2,1,5,0.0,7,6.0,0,2008-09-11,2008-12-12,2009-03-03,2009-06-02
149,S203,GP,M,15,U,LE3,A,2,1,services,other,course,mother,4,1,3,no,no,no,no,yes,yes,yes,no,4,5,5,2,5,5,0.0,8,,10,2008-09-02,2008-11-24,2009-02-25,2009-05-25
150,S309,GP,M,18,U,LE3,T,1,1,other,other,course,mother,1,1,3,no,no,no,no,yes,no,yes,yes,2,3,5,2,5,4,0.0,6,5.0,0,2008-09-11,2008-11-30,2009-03-01,2009-06-07
151,S249,GP,M,16,U,LE3,T,2,1,at_home,other,course,mother,1,1,1,no,no,no,yes,yes,yes,no,yes,4,4,4,3,5,5,6.0,12,13.0,14,2008-09-06,2008-12-05,2009-03-06,2009-06-07
152,S005,GP,F,15,R,GT3,T,3,3,services,services,reputation,other,2,3,2,no,yes,yes,yes,yes,yes,yes,yes,4,2,1,2,3,3,8.0,10,10.0,10,2008-09-01,2008-12-02,2009-02-27,2009-05-31
153,S317,GP,M,19,U,GT3,T,3,2,services,at_home,home,mother,1,1,3,no,yes,no,no,yes,no,yes,yes,4,5,4,1,1,4,0.0,5,0.0,0,2008-09-14,2008-12-17,2009-03-04,2009-06-03
154,S130,GP,F,17,U,GT3,T,4,4,other,teacher,course,mother,1,1,0,yes,yes,no,no,yes,yes,no,yes,4,2,1,1,1,4,0.0,11,11.0,12,2008-09-03,2008-12-05,2009-02-23,2009-05-21
155,S173,GP,M,15,R,GT3,T,2,3,at_home,services,course,mother,1,2,0,yes,no,yes,yes,yes,yes,no,no,4,4,4,1,1,1,2.0,11,8.0,8,2008-09-09,2008-11-29,2009-03-06,2009-05-27
156,S267,GP,M,17,R,LE3,T,1,2,other,other,reputation,mother,1,1,0,no,no,no,no,yes,yes,no,no,2,2,2,3,3,5,8.0,16,12.0,13,2008-09-03,2008-12-03,2009-02-28,2009-05-29
157,S143,GP,F,18,R,GT3,T,1,1,at_home,other,course,mother,3,1,3,no,yes,no,yes,no,yes,no,no,5,2,5,1,5,4,6.0,9,8.0,10,2008-09-14,2008-12-15,2009-03-15,2009-06-03
158,S217,GP,M,16,R,GT3,T,2,2,at_home,other,course,mother,3,1,0,no,no,no,no,no,yes,no,no,4,2,2,1,2,3,2.0,17,15.0,15,2008-09-11,2008-12-10,2009-03-03,2009-06-01
159,S235,GP,M,16,U,GT3,T,3,3,other,services,course,father,1,2,1,no,yes,yes,no,yes,yes,yes,yes,4,5,5,4,4,5,4.0,10,12.0,12,2008-09-12,2008-12-13,2009-03-14,2009-06-11
160,S268,GP,M,17,R,LE3,T,2,1,at_home,other,course,mother,2,1,2,no,no,,yes,yes,no,yes,yes,3,3,2,2,2,5,0.0,7,6.0,0,2008-09-07,2008-12-08,2009-03-02,2009-06-07
161,S365,GP,M,15,R,GT3,T,3,2,other,other,course,mother,2,2,2,yes,yes,no,no,yes,yes,yes,yes,4,4,4,1,4,3,6.0,5,9.0,7,2008-09-07,2008-12-02,2009-03-08,2009-06-06
162,S366,GP,M,16,U,LE3,T,1,2,other,other,course,mother,2,1,1,no,no,no,yes,yes,yes,no,no,4,4,4,2,4,5,0.0,7,0.0,0,2008-09-09,2008-11-28,2009-03-01,2009-05-30
163,S367,GP,M,17,U,GT3,T,1,3,at_home,services,course,father,1,1,0,no,no,,no,yes,no,yes,no,5,3,3,1,4,2,2.0,10,10.0,10,2008-09-11,2008-12-06,2009-02-28,2009-06-07
164,S266,GP,M,17,R,LE3,T,1,1,other,services,course,mother,4,2,3,no,no,no,yes,yes,no,no,yes,5,3,5,1,5,5,,5,8.0,7,2008-09-12,2008-12-04,2009-03-01,2009-06-08
165,S368,GP,M,16,U,GT3,T,3,2,services,services,course,mother,2,1,1,no,yes,no,yes,no,no,no,no,4,5,2,1,1,2,16.0,12,11.0,12,2008-09-01,2008-11-21,2009-02-23,2009-05-21
166,S227,GP,M,16,U,GT3,T,2,2,other,other,course,father,1,2,0,no,no,no,no,yes,no,yes,no,4,3,5,2,4,4,,10,10.0,10,2008-09-10,2008-11-30,2009-03-13,2009-06-05
167,S068,GP,F,16,U,GT3,T,4,2,health,services,home,father,1,2,0,no,no,yes,no,yes,yes,yes,yes,4,2,3,1,1,3,0.0,14,,16,2008-09-02,2008-12-01,2009-02-19,2009-05-27
168,S053,GP,F,16,U,GT3,T,2,2,,other,home,mother,1,2,0,no,yes,yes,no,no,yes,yes,no,5,1,5,1,1,4,0.0,6,7.0,0,2008-09-05,2008-12-01,2009-02-27,2009-05-28
169,S075,GP,F,16,U,GT3,T,4,4,health,health,reputation,mother,1,2,0,no,yes,yes,no,yes,yes,yes,yes,4,4,2,1,1,3,0.0,14,14.0,14,2008-09-12,2008-12-09,2009-03-02,2009-06-10
170,S237,GP,M,16,U,GT3,T,3,4,other,other,course,father,3,1,2,no,yes,,yes,no,yes,yes,no,3,4,5,2,4,2,0.0,6,5.0,0,2008-09-04,2008-12-04,2009-03-06,2009-06-01
171,S224,GP,M,16,U,GT3,T,1,0,other,other,reputation,mother,2,2,0,no,yes,yes,yes,yes,yes,yes,yes,4,3,2,1,1,3,2.0,13,15.0,16,2008-09-12,2008-12-09,2009-03-11,2009-06-06
172,S290,GP,M,17,U,LE3,T,4,4,teacher,other,reputation,mother,1,2,0,no,yes,yes,yes,yes,yes,yes,no,4,4,4,1,3,5,0.0,13,11.0,10,2008-09-07,2008-12-05,2009-03-07,2009-06-04
173,S049,GP,F,16,U,GT3,T,1,3,at_home,services,home,mother,1,2,3,no,no,no,yes,no,yes,yes,yes,4,3,5,1,1,3,0.0,8,7.0,0,2008-09-04,2008-11-24,2009-03-03,2009-06-02
174,S089,GP,F,16,U,LE3,T,3,3,other,other,reputation,mother,2,2,0,no,yes,yes,yes,yes,yes,yes,no,4,4,5,1,1,4,4.0,10,11.0,9,2008-09-05,2008-12-06,2009-03-03,2009-05-31
175,S287,GP,M,17,U,LE3,T,4,3,teacher,other,course,mother,2,2,0,no,no,yes,yes,yes,yes,yes,no,4,4,4,4,4,4,4.0,10,9.0,9,2008-09-08,2008-12-03,2009-03-08,2009-05-30
176,S056,GP,F,16,U,GT3,T,2,2,services,other,reputation,mother,2,2,0,no,no,,yes,no,yes,yes,no,3,4,4,1,4,5,2.0,13,13.0,11,2008-09-11,2008-12-02,2009-02-28,2009-06-09
177,S275,GP,M,17,U,GT3,T,3,3,other,other,reputation,father,1,2,0,no,no,no,yes,no,yes,yes,no,4,3,4,1,4,4,,6,5.0,6,2008-09-09,2008-12-10,2009-03-10,2009-06-06
178,S219,GP,M,16,R,GT3,T,4,2,teacher,services,other,mother,1,1,0,no,yes,no,yes,yes,yes,yes,yes,4,3,3,3,4,3,10.0,10,8.0,9,2008-09-14,2008-12-14,2009-03-14,2009-06-15
179,S278,GP,M,17,U,GT3,T,4,3,other,other,course,mother,1,2,0,no,yes,no,yes,yes,yes,yes,yes,5,2,3,1,1,2,4.0,10,10.0,11,2008-09-13,2008-12-02,2009-03-13,2009-06-02
180,S239,GP,M,16,U,GT3,T,4,3,,other,home,mother,1,2,0,no,yes,yes,yes,yes,yes,yes,no,3,4,3,2,3,3,10.0,9,8.0,8,2008-09-11,2008-12-02,2009-03-05,2009-06-04
181,S369,GP,M,16,U,GT3,T,3,3,services,other,home,mother,1,2,0,no,no,yes,yes,yes,yes,yes,yes,4,2,3,1,2,3,2.0,12,13.0,12,2008-09-09,2008-11-28,2009-03-10,2009-06-09
182,S118,GP,F,17,U,GT3,T,2,4,services,services,reputation,father,1,2,0,no,yes,no,yes,yes,yes,no,no,5,4,2,2,3,5,0.0,16,17.0,17,2008-09-05,2008-11-28,2009-02-27,2009-05-30
183,S139,GP,F,17,U,LE3,T,3,3,other,other,reputation,mother,1,2,0,no,yes,no,yes,yes,yes,yes,yes,5,3,3,2,3,1,56.0,9,9.0,8,2008-09-06,2008-11-26,2009-02-23,2009-06-07
184,S062,GP,F,16,U,GT3,T,3,2,other,other,reputation,mother,1,2,0,no,yes,yes,no,yes,yes,yes,no,1,2,2,1,2,1,14.0,12,13.0,12,2008-09-02,2008-12-01,2009-03-04,2009-05-20
185,S277,GP,M,17,U,GT3,T,3,3,services,services,other,mother,1,2,0,no,yes,no,yes,yes,yes,yes,yes,4,3,4,2,3,4,12.0,12,12.0,11,2008-09-06,2008-12-02,2009-02-26,2009-05-24
186,S225,GP,M,16,U,GT3,T,1,2,services,services,other,mother,1,1,0,no,yes,yes,yes,yes,yes,yes,yes,3,3,3,1,2,3,2.0,11,12.0,11,2008-09-13,2008-12-16,2009-03-03,2009-06-11
187,S250,GP,M,16,U,LE3,T,2,1,other,other,course,mother,1,2,0,no,no,yes,yes,yes,yes,yes,yes,4,2,3,1,2,5,0.0,15,15.0,15,2008-09-06,2008-12-06,2009-03-04,2009-05-29
188,S105,GP,F,17,U,GT3,A,3,3,health,other,reputation,mother,1,2,0,no,yes,no,no,no,yes,yes,yes,3,3,3,1,3,3,6.0,8,7.0,9,2008-09-02,2008-11-30,2009-02-22,2009-05-27
189,S259,GP,M,17,R,GT3,T,1,2,at_home,other,home,mother,1,2,0,no,no,no,no,yes,yes,no,no,3,1,3,1,5,3,4.0,8,9.0,10,2008-09-10,2008-12-06,2009-03-11,2009-06-03
190,S059,GP,F,16,U,GT3,T,2,3,services,services,course,mother,1,2,0,no,no,no,no,yes,yes,yes,no,4,3,3,1,1,2,10.0,11,12.0,13,2008-09-14,2008-12-03,2009-03-09,2009-06-07
191,S110,GP,F,17,U,GT3,T,1,1,at_home,services,course,mother,1,2,0,no,no,no,yes,yes,yes,yes,no,5,3,3,1,1,3,0.0,8,8.0,9,2008-09-13,2008-12-03,2009-03-02,2009-06-14
192,S270,GP,M,17,U,GT3,T,1,2,,services,other,other,2,2,0,no,no,yes,yes,no,yes,yes,no,4,4,4,4,5,5,12.0,7,8.0,8,2008-09-04,2008-12-02,2009-03-07,2009-05-23
193,S218,GP,M,16,R,GT3,T,3,3,services,services,reputation,mother,1,1,0,no,yes,no,yes,yes,yes,yes,no,4,3,2,3,4,5,8.0,8,9.0,10,2008-09-07,2008-11-26,2009-03-03,2009-06-05
194,S229,GP,M,16,U,GT3,T,2,3,other,other,home,father,2,1,0,no,no,no,no,yes,yes,yes,no,5,3,3,1,1,3,0.0,13,14.0,14,2008-09-08,2008-11-27,2009-02-28,2009-06-08
195,S137,GP,F,17,U,LE3,T,2,4,services,services,course,father,1,2,0,no,no,no,yes,yes,yes,yes,yes,4,3,2,1,1,5,0.0,14,15.0,15,2008-09-04,2008-11-26,2009-03-03,2009-05-31
196,S279,GP,M,17,U,GT3,T,4,4,services,teacher,home,mother,1,1,0,no,no,no,no,yes,yes,yes,no,5,2,3,1,2,5,4.0,17,15.0,16,2008-09-04,2008-12-06,2009-02-28,2009-05-27
197,S222,GP,M,16,R,LE3,T,3,3,teacher,other,home,father,3,1,0,no,yes,yes,yes,yes,yes,yes,no,3,3,4,3,5,3,8.0,9,9.0,10,2008-09-04,2008-11-29,2009-02-21,2009-05-24
198,S131,GP,F,17,U,GT3,T,4,4,services,teacher,home,mother,2,1,1,no,yes,no,no,yes,yes,yes,no,4,2,4,2,3,2,24.0,18,18.0,18,2008-09-14,2008-12-13,2009-03-14,2009-06-11
199,S092,GP,F,16,U,LE3,T,4,4,teacher,teacher,reputation,mother,1,2,0,no,yes,yes,no,yes,yes,yes,no,4,5,2,1,2,3,0.0,9,9.0,10,2008-09-11,2008-12-06,2009-03-06,2009-06-05
200,S071,GP,F,16,U,GT3,T,4,3,health,other,home,mother,1,2,0,no,yes,no,yes,yes,yes,yes,no,4,3,5,1,5,2,2.0,16,16.0,16,2008-09-12,2008-12-03,2009-03-11,2009-06-01
201,S058,GP,F,16,U,GT3,T,2,3,other,other,reputation,mother,1,2,0,yes,yes,yes,yes,yes,yes,no,no,4,4,3,1,3,4,,8,10.0,10,2008-09-12,2008-12-06,2009-03-14,2009-06-04
202,S111,GP,F,17,U,GT3,T,1,1,other,other,course,mother,1,2,0,no,yes,yes,no,no,yes,no,no,4,4,4,1,3,1,4.0,9,9.0,10,2008-09-14,2008-12-04,2009-03-12,2009-06-15
203,S096,GP,F,17,R,GT3,T,2,2,other,other,reputation,mother,1,1,0,no,yes,no,no,yes,yes,yes,no,5,3,2,1,2,3,,7,6.0,6,2008-09-02,2008-12-02,2009-03-01,2009-05-23
204,S039,GP,F,16,R,GT3,T,2,2,services,services,reputation,mother,2,4,0,no,yes,yes,yes,no,yes,yes,no,5,3,5,1,1,5,6.0,10,10.0,11,2008-09-13,2008-12-04,2009-03-05,2009-06-02
205,S124,GP,F,17,U,GT3,T,3,4,at_home,services,home,mother,1,3,1,no,yes,yes,no,yes,yes,yes,yes,4,4,3,3,4,5,28.0,10,9.0,9,2008-09-01,2008-11-25,2009-02-21,2009-05-29
206,S044,GP,F,16,U,GT3,A,3,1,services,other,course,mother,1,2,3,no,yes,yes,no,yes,yes,yes,no,2,3,3,2,2,4,5.0,7,7.0,7,2008-09-07,2008-12-10,2009-03-02,2009-05-27
207,S074,GP,F,16,U,GT3,T,4,3,teacher,other,other,mother,1,2,0,no,no,yes,yes,yes,yes,yes,yes,1,3,2,1,1,1,10.0,11,12.0,13,2008-09-09,2008-12-06,2009-03-10,2009-06-09
208,S047,GP,F,16,U,GT3,T,1,1,at_home,other,home,mother,2,1,0,no,yes,yes,no,yes,yes,no,no,4,3,2,1,4,5,6.0,9,9.0,10,2008-09-06,2008-12-01,2009-03-02,2009-06-05
209,S099,GP,F,17,R,GT3,T,4,3,teacher,other,reputation,mother,2,3,0,no,yes,yes,yes,yes,yes,yes,yes,4,4,2,1,1,4,6.0,7,7.0,7,2008-09-03,2008-11-30,2009-02-25,2009-06-04
210,S169,GP,F,19,U,GT3,T,3,3,other,other,reputation,other,1,4,0,no,yes,yes,yes,yes,yes,yes,no,4,3,3,1,2,3,10.0,8,8.0,8,2008-09-03,2008-12-03,2009-03-03,2009-06-03
211,S289,GP,M,17,U,LE3,T,4,4,services,other,home,mother,1,2,0,no,yes,,no,yes,yes,yes,yes,5,3,5,4,5,3,13.0,12,12.0,13,2008-09-12,2008-12-04,2009-03-13,2009-06-02
212,S043,GP,F,16,U,GT3,A,2,2,,other,reputation,mother,1,2,0,yes,yes,,no,yes,yes,yes,no,3,3,4,1,1,4,0.0,12,13.0,14,2008-09-05,2008-12-03,2009-03-07,2009-05-26
213,S301,GP,M,18,U,GT3,T,2,2,services,other,home,mother,1,2,1,no,yes,yes,yes,yes,yes,yes,no,4,4,4,2,4,5,15.0,6,7.0,8,2008-09-05,2008-12-07,2009-02-26,2009-05-28
214,S102,GP,F,17,R,LE3,T,4,4,services,other,other,mother,1,1,0,no,yes,,no,yes,yes,no,no,5,2,1,1,2,3,12.0,8,10.0,10,2008-09-13,2008-12-10,2009-03-12,2009-06-07
215,S138,GP,F,17,U,LE3,T,3,2,other,other,reputation,mother,2,2,0,no,no,,no,yes,yes,yes,no,4,4,4,1,3,1,2.0,14,15.0,15,2008-09-03,2008-11-28,2009-02-28,2009-06-03
216,S129,GP,F,17,U,GT3,T,4,3,other,other,reputation,mother,1,2,2,no,no,yes,no,yes,yes,yes,yes,3,4,5,2,4,1,22.0,6,6.0,4,2008-09-13,2008-12-04,2009-03-08,2009-06-11
217,S312,GP,M,18,U,LE3,T,3,3,services,health,home,father,1,2,1,no,yes,,no,yes,yes,yes,no,3,2,4,2,4,4,13.0,6,6.0,8,2008-09-13,2008-12-05,2009-03-07,2009-06-09
218,S116,GP,F,17,U,GT3,T,2,3,at_home,other,home,father,2,1,0,no,yes,yes,no,yes,yes,no,no,3,3,3,1,4,3,3.0,7,7.0,8,2008-09-09,2008-12-12,2009-02-27,2009-06-09
219,S113,GP,F,17,U,GT3,T,2,2,at_home,at_home,course,mother,1,3,0,no,yes,yes,yes,yes,yes,yes,no,4,3,3,1,1,4,4.0,9,10.0,10,2008-09-03,2008-11-30,2009-02-24,2009-05-30
220,S095,GP,F,17,R,GT3,T,2,1,at_home,services,reputation,mother,2,2,0,no,yes,no,yes,yes,yes,yes,no,4,2,5,1,2,5,2.0,6,6.0,6,2008-09-03,2008-11-26,2009-02-28,2009-05-26
221,S109,GP,F,17,U,GT3,T,1,1,at_home,other,reputation,mother,1,3,1,no,yes,no,yes,yes,yes,no,yes,4,3,4,1,1,5,0.0,6,5.0,0,2008-09-04,2008-11-29,2009-03-06,2009-05-28
222,S060,GP,F,16,U,GT3,T,2,3,services,teacher,other,mother,1,2,0,yes,no,no,no,yes,yes,yes,no,2,3,1,1,1,3,2.0,16,16.0,17,2008-09-09,2008-12-06,2009-03-10,2009-06-03
223,S299,GP,M,18,U,GT3,T,2,2,other,other,home,mother,2,2,0,no,yes,yes,no,yes,yes,yes,no,3,3,3,5,5,4,0.0,12,13.0,13,2008-09-03,2008-11-30,2009-02-22,2009-05-22
224,S079,GP,F,16,U,GT3,T,4,4,teacher,services,home,mother,1,3,0,no,yes,no,yes,no,yes,yes,no,5,3,2,1,1,5,0.0,13,13.0,14,2008-09-07,2008-12-06,2009-03-06,2009-06-05
225,S146,GP,F,18,R,GT3,T,3,1,other,other,reputation,mother,1,2,1,no,no,no,yes,yes,yes,yes,yes,5,3,3,1,1,4,16.0,9,8.0,7,2008-09-02,2008-11-24,2009-02-20,2009-05-29
226,S121,GP,F,17,U,GT3,T,3,2,other,other,course,mother,1,2,0,no,no,no,yes,no,yes,yes,no,5,3,4,1,3,3,10.0,16,15.0,15,2008-09-08,2008-12-06,2009-03-07,2009-06-05
227,S285,GP,M,17,U,LE3,T,2,3,services,services,reputation,father,1,2,0,no,yes,yes,no,no,yes,yes,no,5,3,3,1,3,3,2.0,12,11.0,12,2008-09-01,2008-11-26,2009-02-23,2009-05-27
228,S310,GP,M,18,U,LE3,T,2,1,at_home,other,course,mother,4,2,0,yes,yes,yes,yes,yes,yes,yes,yes,4,3,2,4,5,3,14.0,10,8.0,9,2008-09-10,2008-12-13,2009-03-05,2009-06-08
229,S103,GP,F,17,U,GT3,A,2,1,other,other,course,mother,2,3,0,no,no,no,yes,yes,yes,yes,yes,3,2,3,1,2,3,10.0,12,10.0,12,2008-09-01,2008-11-22,2009-02-28,2009-06-02
230,S141,GP,F,17,U,LE3,T,4,3,health,other,reputation,father,1,2,0,no,no,no,yes,yes,yes,yes,yes,3,2,3,1,2,3,14.0,13,13.0,14,2008-09-03,2008-11-24,2009-02-26,2009-05-29
231,S262,GP,M,17,R,GT3,T,2,2,other,other,course,father,2,2,0,no,yes,yes,yes,yes,yes,yes,no,4,5,2,1,1,1,4.0,11,11.0,11,2008-09-03,2008-11-28,2009-03-04,2009-05-27
232,S280,GP,M,17,U,GT3,T,4,4,teacher,teacher,reputation,mother,1,2,0,yes,yes,no,yes,yes,yes,yes,yes,4,5,5,1,3,2,14.0,11,9.0,9,2008-09-12,2008-12-08,2009-03-09,2009-05-31
233,S241,GP,M,16,U,GT3,T,4,4,health,other,reputation,father,1,2,0,no,yes,,yes,yes,yes,yes,no,4,2,4,2,4,1,2.0,14,13.0,13,2008-09-01,2008-11-30,2009-03-04,2009-05-30
234,S247,GP,M,16,U,LE3,T,1,1,,other,home,mother,2,2,0,no,yes,yes,no,yes,yes,yes,no,3,4,2,1,1,5,18.0,9,7.0,6,2008-09-07,2008-12-02,2009-03-05,2009-06-07
235,S232,GP,M,16,U,GT3,T,3,2,at_home,other,reputation,mother,2,3,0,no,no,no,yes,yes,yes,yes,yes,5,3,3,1,3,2,10.0,11,9.0,10,2008-09-09,2008-12-11,2009-03-02,2009-06-06
236,S284,GP,M,17,U,LE3,T,2,2,other,other,home,father,1,2,0,no,no,yes,yes,no,yes,yes,yes,4,4,2,5,5,4,4.0,14,13.0,13,2008-09-08,2008-12-04,2009-03-08,2009-06-07
237,S051,GP,F,16,U,GT3,T,2,1,other,other,home,mother,1,1,0,no,no,no,no,yes,yes,yes,yes,4,5,2,1,1,5,20.0,13,12.0,12,2008-09-10,2008-11-30,2009-03-05,2009-06-09
238,S094,GP,F,17,R,GT3,T,2,1,at_home,services,course,mother,3,2,0,no,no,no,yes,yes,yes,no,no,2,1,1,1,1,3,2.0,13,11.0,11,2008-09-12,2008-12-02,2009-03-09,2009-06-10
239,S300,GP,M,18,U,GT3,T,2,2,other,services,reputation,father,1,2,1,no,no,no,no,yes,no,yes,no,5,5,4,3,5,2,0.0,7,7.0,0,2008-09-06,2008-12-09,2009-02-25,2009-05-31
240,S286,GP,M,17,U,LE3,T,4,3,health,other,course,mother,2,2,0,no,no,no,yes,yes,yes,yes,yes,2,5,5,1,4,5,14.0,12,12.0,12,2008-09-12,2008-12-03,2009-03-02,2009-05-31
241,S265,GP,M,17,R,LE3,A,4,4,teacher,other,course,mother,2,2,0,no,yes,,no,yes,yes,yes,no,3,3,3,2,3,4,2.0,10,11.0,12,2008-09-05,2008-12-08,2009-03-02,2009-05-23
242,S257,GP,M,16,U,LE3,T,4,3,teacher,other,course,mother,1,1,0,no,no,no,yes,no,yes,yes,no,5,4,5,1,1,3,0.0,6,0.0,0,2008-09-14,2008-12-07,2009-03-05,2009-06-04
243,S370,GP,M,16,U,GT3,T,4,4,services,services,course,mother,1,1,0,no,no,no,yes,yes,yes,yes,no,5,3,2,1,2,5,0.0,13,12.0,12,2008-09-08,2008-11-28,2009-03-11,2009-06-01
244,S150,GP,F,18,U,GT3,T,2,1,other,other,course,other,2,3,0,no,yes,,no,no,yes,yes,yes,4,4,4,1,1,3,0.0,7,0.0,0,2008-09-11,2008-12-04,2009-03-12,2009-06-09
245,S226,GP,M,16,U,GT3,T,2,1,other,other,course,mother,3,1,0,no,no,no,no,yes,yes,yes,no,4,3,3,1,1,4,6.0,18,18.0,18,2008-09-13,2008-12-11,2009-03-12,2009-06-06
246,S271,GP,M,17,U,GT3,T,2,3,other,other,course,father,2,1,0,no,no,no,no,yes,yes,yes,no,5,2,2,1,1,2,4.0,12,12.0,13,2008-09-12,2008-12-07,2009-03-12,2009-05-30
247,S320,GP,M,22,U,GT3,T,3,1,services,services,other,mother,1,1,3,no,no,no,no,no,no,yes,yes,5,4,5,5,5,1,,6,8.0,8,2008-09-12,2008-12-12,2009-03-09,2009-06-02
248,S295,GP,M,18,R,LE3,T,3,3,other,services,course,mother,1,2,1,no,yes,,no,yes,yes,yes,yes,4,3,3,1,3,5,8.0,3,5.0,5,2008-09-08,2008-12-06,2009-02-25,2009-06-09
249,S223,GP,M,16,U,GT3,T,0,2,other,other,other,mother,1,1,0,no,no,yes,no,no,yes,yes,no,4,3,2,2,4,5,0.0,13,,15,2008-09-01,2008-11-26,2009-02-23,2009-06-02
250,S302,GP,M,18,U,GT3,T,3,2,services,other,course,mother,2,1,1,no,no,no,no,yes,no,yes,no,4,4,5,2,4,5,0.0,6,8.0,8,2008-09-07,2008-12-05,2009-03-03,2009-05-30
251,S234,GP,M,16,U,GT3,T,3,3,at_home,other,reputation,other,3,2,0,yes,yes,no,no,no,yes,yes,no,5,3,3,1,3,2,6.0,7,10.0,10,2008-09-03,2008-12-06,2009-03-05,2009-06-02
252,S297,GP,M,18,U,GT3,T,2,1,services,services,other,mother,1,1,1,no,no,no,no,no,no,yes,no,3,2,5,2,5,5,4.0,6,9.0,8,2008-09-13,2008-12-08,2009-03-05,2009-06-10
253,S216,GP,M,16,R,GT3,T,2,1,other,other,course,mother,2,1,0,no,no,no,yes,no,yes,no,no,3,3,2,1,3,3,0.0,8,9.0,8,2008-09-04,2008-11-25,2009-02-28,2009-06-04
254,S261,GP,M,17,R,GT3,T,2,1,other,other,course,mother,1,1,0,no,no,no,no,no,yes,yes,no,4,4,2,2,4,5,0.0,8,12.0,12,2008-09-04,2008-11-29,2009-02-26,2009-06-04
255,S283,GP,M,17,U,LE3,T,1,1,health,other,course,mother,2,1,1,no,yes,no,yes,yes,yes,yes,no,4,4,4,1,2,5,2.0,7,9.0,8,2008-09-04,2008-12-05,2009-02-23,2009-05-31
256,S140,GP,F,17,U,LE3,T,4,2,teacher,services,reputation,mother,1,4,0,no,yes,yes,yes,yes,yes,yes,no,4,2,3,1,1,4,6.0,14,12.0,13,2008-09-09,2008-12-01,2009-02-27,2009-06-01
257,S318,GP,M,19,U,LE3,A,4,3,services,at_home,reputation,mother,1,2,0,no,yes,no,no,yes,yes,yes,no,4,3,1,1,1,1,12.0,11,11.0,11,2008-09-08,2008-12-11,2009-03-02,2009-06-04
258,S296,GP,M,18,U,GT3,T,2,1,,other,home,mother,1,2,0,no,no,no,yes,yes,yes,yes,no,5,2,4,1,2,4,8.0,15,14.0,14,2008-09-14,2008-12-11,2009-03-04,2009-06-05
259,S136,GP,F,17,U,LE3,T,2,2,services,services,course,father,1,4,0,no,no,yes,yes,yes,yes,yes,yes,3,4,1,1,1,2,0.0,10,9.0,0,2008-09-06,2008-12-04,2009-02-24,2009-05-29
260,S160,GP,F,18,U,GT3,T,4,3,services,other,home,father,1,2,0,no,yes,yes,no,yes,yes,yes,yes,3,1,2,1,3,2,21.0,17,18.0,18,2008-09-04,2008-11-27,2009-02-26,2009-05-31
261,S305,GP,M,18,U,GT3,T,4,3,teacher,other,course,mother,1,2,0,no,yes,yes,no,no,yes,yes,no,4,3,2,1,1,3,2.0,8,8.0,8,2008-09-01,2008-12-03,2009-02-21,2009-05-27
262,S291,GP,M,18,R,GT3,T,3,2,,other,course,mother,1,3,0,no,no,no,yes,no,yes,no,no,5,3,2,1,1,3,1.0,13,12.0,12,2008-09-01,2008-11-20,2009-02-26,2009-05-27
263,S123,GP,F,17,U,GT3,T,3,3,other,other,home,mother,1,3,0,no,no,no,yes,no,yes,no,no,3,2,3,1,1,4,4.0,10,9.0,9,2008-09-06,2008-11-29,2009-02-23,2009-05-29
264,S153,GP,F,18,U,GT3,T,2,2,at_home,services,home,mother,1,3,0,no,yes,yes,yes,yes,yes,yes,yes,4,3,3,1,1,3,0.0,9,10.0,0,2008-09-13,2008-12-08,2009-03-06,2009-06-06
265,S293,GP,M,18,R,LE3,A,3,4,other,other,reputation,mother,2,2,0,no,yes,yes,yes,yes,yes,yes,no,4,2,5,3,4,1,13.0,17,17.0,17,2008-09-08,2008-12-04,2009-03-03,2009-05-26
266,S272,GP,M,17,U,GT3,T,3,1,services,other,other,mother,1,2,0,no,no,yes,yes,yes,yes,yes,yes,5,4,4,3,4,5,2.0,9,,10,2008-09-13,2008-12-09,2009-03-16,2009-06-09
267,S147,GP,F,18,R,GT3,T,4,4,,other,reputation,mother,2,2,0,no,no,yes,yes,yes,yes,yes,no,4,3,4,2,2,4,,12,10.0,11,2008-09-02,2008-11-23,2009-02-28,2009-05-28
268,S303,GP,M,18,U,GT3,T,4,2,health,other,reputation,father,1,2,0,no,yes,yes,yes,yes,yes,yes,yes,5,4,5,1,3,5,10.0,10,9.0,10,2008-09-02,2008-11-24,2009-03-04,2009-06-03
269,S144,GP,F,18,R,GT3,T,2,1,other,other,reputation,mother,2,2,0,no,yes,no,no,yes,no,yes,yes,4,3,5,1,2,3,0.0,6,0.0,0,2008-09-12,2008-12-02,2009-03-06,2009-06-06
270,S170,GP,F,19,U,GT3,T,3,3,other,services,home,other,1,2,2,no,yes,yes,yes,yes,yes,yes,no,4,3,5,3,3,5,15.0,9,9.0,9,2008-09-02,2008-11-29,2009-02-25,2009-05-27
271,S155,GP,F,18,U,GT3,T,2,3,other,services,reputation,father,1,4,0,no,yes,yes,yes,yes,yes,yes,yes,4,5,5,1,3,2,4.0,15,14.0,14,2008-09-01,2008-11-25,2009-02-24,2009-05-20
272,S164,GP,F,18,U,LE3,T,1,1,other,other,home,mother,2,2,0,no,yes,yes,no,no,yes,no,no,4,4,3,1,1,3,2.0,11,11.0,11,2008-09-06,2008-12-03,2009-03-08,2009-05-26
273,S258,GP,M,17,R,GT3,T,1,2,at_home,at_home,home,mother,1,2,0,no,yes,yes,yes,no,yes,no,yes,3,5,2,2,2,1,2.0,15,14.0,14,2008-09-13,2008-12-10,2009-03-16,2009-06-05
274,S117,GP,F,17,U,GT3,T,2,4,at_home,health,reputation,mother,2,2,0,no,yes,yes,no,yes,yes,yes,yes,4,3,3,1,1,1,2.0,10,10.0,10,2008-09-10,2008-12-09,2009-03-13,2009-06-02
275,S135,GP,F,17,U,LE3,T,2,2,services,other,course,mother,2,2,0,yes,yes,yes,no,yes,yes,yes,yes,4,4,4,2,3,5,6.0,12,12.0,12,2008-09-02,2008-11-29,2009-03-02,2009-05-25
276,S142,GP,F,18,R,GT3,A,3,2,other,services,home,mother,2,2,0,no,no,no,no,no,no,yes,yes,4,1,1,1,1,5,75.0,10,9.0,9,2008-09-12,2008-12-10,2009-03-08,2009-06-04
277,S371,GP,M,18,U,GT3,T,4,4,teacher,services,home,mother,2,1,0,no,no,yes,yes,yes,yes,yes,no,3,2,4,1,4,3,22.0,9,9.0,9,2008-09-12,2008-12-09,2009-03-09,2009-06-10
278,S161,GP,F,18,U,GT3,T,4,4,health,health,reputation,father,1,2,1,yes,yes,no,yes,yes,yes,yes,yes,2,4,4,1,1,4,15.0,9,8.0,8,2008-09-12,2008-12-10,2009-03-15,2009-05-31
279,S314,GP,M,18,U,LE3,T,4,3,teacher,services,course,mother,2,1,0,no,no,yes,yes,yes,yes,yes,no,4,2,3,1,2,1,,10,11.0,10,2008-09-13,2008-12-11,2009-03-06,2009-06-04
280,S282,GP,M,17,U,LE3,A,4,1,services,other,home,mother,2,1,0,no,no,yes,yes,yes,yes,yes,yes,4,5,4,2,4,5,30.0,8,8.0,8,2008-09-04,2008-11-27,2009-02-26,2009-05-24
281,S281,GP,M,17,U,LE3,A,3,2,teacher,services,home,mother,1,1,1,no,no,no,no,yes,yes,yes,no,4,4,4,3,4,3,19.0,11,9.0,10,2008-09-14,2008-12-06,2009-03-16,2009-06-05
282,S148,GP,F,18,R,LE3,T,1,1,at_home,other,reputation,mother,2,4,0,no,yes,yes,yes,yes,yes,no,no,5,2,2,1,1,3,1.0,12,12.0,12,2008-09-05,2008-12-05,2009-02-27,2009-06-02
283,S372,GP,F,18,U,GT3,T,1,1,,other,home,mother,2,2,0,yes,no,no,yes,yes,yes,yes,no,5,4,4,1,1,4,4.0,8,9.0,10,2008-09-12,2008-12-06,2009-03-04,2009-05-30
284,S114,GP,F,17,U,GT3,T,2,2,other,other,course,mother,1,2,0,no,yes,no,no,no,yes,yes,no,5,4,5,1,2,5,4.0,10,9.0,11,2008-09-09,2008-12-06,2009-03-06,2009-06-01
285,S269,GP,M,17,U,GT3,T,1,1,other,other,reputation,father,1,2,0,no,no,yes,no,no,yes,yes,no,4,3,3,1,2,4,,12,10.0,11,2008-09-11,2008-12-02,2009-03-04,2009-05-29
286,S152,GP,F,18,U,GT3,T,2,2,at_home,at_home,other,mother,1,3,0,no,yes,yes,no,yes,yes,yes,no,4,3,3,1,2,2,5.0,18,18.0,19,2008-09-09,2008-12-04,2009-03-11,2009-06-10
287,S112,GP,F,17,U,GT3,T,1,1,services,teacher,reputation,mother,1,3,0,no,yes,yes,no,yes,yes,yes,no,4,3,3,1,1,3,6.0,13,12.0,12,2008-09-09,2008-12-05,2009-03-11,2009-06-06
288,S298,GP,M,18,U,GT3,T,2,1,services,services,reputation,mother,1,3,0,no,no,yes,yes,yes,yes,yes,no,4,2,4,1,3,2,6.0,15,14.0,14,2008-09-09,2008-12-07,2009-03-02,2009-05-30
289,S308,GP,M,18,U,LE3,A,4,4,teacher,teacher,reputation,mother,1,2,0,no,yes,,yes,yes,yes,yes,no,5,4,3,1,1,2,9.0,15,13.0,15,2008-09-11,2008-12-07,2009-03-07,2009-05-31
290,S304,GP,M,18,U,GT3,T,4,2,,other,home,mother,1,2,0,no,yes,yes,yes,yes,yes,yes,yes,4,3,2,1,4,5,11.0,12,11.0,11,2008-09-11,2008-12-05,2009-03-14,2009-05-30
291,S128,GP,F,17,U,GT3,T,4,3,,services,reputation,mother,1,3,0,no,yes,yes,no,yes,yes,yes,no,4,2,2,1,2,3,,15,15.0,15,2008-09-02,2008-12-05,2009-03-02,2009-05-27
292,S373,GP,F,18,U,LE3,T,2,1,services,at_home,reputation,mother,1,2,1,no,no,no,no,yes,yes,yes,yes,5,4,3,1,1,5,12.0,12,12.0,13,2008-09-12,2008-12-08,2009-03-04,2009-06-10
293,S101,GP,F,17,R,LE3,T,3,1,,other,reputation,mother,2,4,0,no,yes,yes,no,yes,yes,no,no,3,1,2,1,1,3,6.0,18,,18,2008-09-08,2008-12-09,2009-03-05,2009-06-03
294,S294,GP,M,18,R,LE3,T,3,2,services,other,reputation,mother,2,3,0,no,yes,yes,yes,yes,yes,yes,no,5,4,2,1,1,4,8.0,14,13.0,14,2008-09-05,2008-12-05,2009-03-03,2009-06-05
295,S274,GP,M,17,U,GT3,T,3,3,health,other,home,mother,1,1,0,no,yes,yes,no,yes,yes,yes,no,4,4,3,1,3,5,4.0,14,12.0,11,2008-09-08,2008-12-05,2009-03-06,2009-05-31
296,S171,GP,F,19,U,GT3,T,4,4,health,other,reputation,other,2,2,0,no,yes,yes,yes,yes,yes,yes,no,2,3,4,2,3,2,,10,9.0,0,2008-09-14,2008-12-16,2009-03-03,2009-06-05
297,S167,GP,F,18,U,LE3,T,4,3,,other,home,other,2,2,0,no,yes,yes,no,yes,yes,yes,yes,4,4,5,1,2,2,10.0,10,8.0,8,2008-09-13,2008-12-03,2009-03-06,2009-06-07
298,S159,GP,F,18,U,GT3,T,4,3,other,other,reputation,father,1,4,0,no,yes,yes,no,yes,yes,yes,no,4,3,3,1,1,3,0.0,14,13.0,14,2008-09-12,2008-12-14,2009-03-13,2009-06-02
299,S315,GP,M,18,U,LE3,T,4,4,teacher,teacher,home,mother,1,1,0,no,yes,yes,no,yes,yes,yes,yes,1,4,2,2,2,1,5.0,16,15.0,16,2008-09-07,2008-12-08,2009-02-27,2009-06-08
300,S163,GP,F,18,U,LE3,A,4,4,health,other,home,mother,1,2,0,no,yes,no,no,yes,yes,yes,yes,4,2,4,1,1,4,14.0,12,10.0,11,2008-09-11,2008-12-07,2009-03-04,2009-05-31
301,S288,GP,M,17,U,LE3,T,4,4,other,teacher,home,father,2,1,0,no,no,yes,no,yes,yes,yes,no,4,1,1,2,2,5,0.0,11,11.0,10,2008-09-06,2008-12-06,2009-02-27,2009-05-31
302,S126,GP,F,17,U,GT3,T,4,2,other,other,reputation,mother,2,3,0,no,yes,yes,no,yes,yes,yes,no,4,3,3,1,1,3,0.0,15,12.0,14,2008-09-10,2008-12-06,2009-03-01,2009-06-04
303,S120,GP,F,17,U,GT3,T,3,2,health,health,reputation,father,1,4,0,no,yes,yes,yes,no,yes,yes,no,5,2,2,1,2,5,0.0,17,17.0,18,2008-09-09,2008-12-02,2009-02-28,2009-05-27
304,S374,GP,M,19,U,GT3,T,3,3,other,other,home,other,1,2,1,no,yes,no,yes,yes,yes,yes,yes,4,4,4,1,1,3,20.0,15,14.0,13,2008-09-04,2008-12-04,2009-02-26,2009-05-29
305,S375,GP,F,18,U,GT3,T,2,4,services,at_home,reputation,other,1,2,1,no,yes,yes,yes,yes,yes,yes,no,4,4,3,1,1,3,8.0,14,12.0,12,2008-09-04,2008-11-26,2009-03-06,2009-05-28
306,S319,GP,M,20,U,GT3,A,3,2,services,other,course,other,1,1,0,no,no,,yes,yes,yes,no,no,5,5,3,1,1,5,0.0,17,18.0,18,2008-09-01,2008-11-24,2009-02-18,2009-05-22
307,S376,GP,M,19,U,GT3,T,4,4,teacher,services,reputation,other,2,1,1,no,yes,yes,no,yes,yes,yes,yes,4,3,4,1,1,4,,8,9.0,8,2008-09-02,2008-11-28,2009-02-23,2009-05-21
308,S316,GP,M,19,R,GT3,T,3,3,other,services,reputation,father,1,2,1,no,no,no,yes,yes,yes,no,yes,4,5,3,1,2,5,0.0,15,12.0,12,2008-09-07,2008-12-08,2009-02-24,2009-05-25
309,S377,GP,F,19,U,LE3,T,1,1,at_home,other,reputation,other,1,2,1,yes,yes,no,yes,no,yes,yes,no,4,4,3,1,3,3,18.0,12,,10,2008-09-07,2008-12-01,2009-03-04,2009-05-25
310,S378,GP,F,19,U,LE3,T,1,2,services,services,home,other,1,2,1,no,no,no,yes,no,yes,no,yes,4,2,4,2,2,3,0.0,9,9.0,0,2008-09-03,2008-11-29,2009-02-23,2009-05-28
311,S379,GP,F,19,U,GT3,T,2,1,at_home,other,other,other,3,2,0,no,yes,no,no,yes,no,yes,yes,3,4,1,1,1,2,20.0,14,12.0,13,2008-09-06,2008-11-25,2009-03-06,2009-05-25
312,S380,GP,M,19,U,GT3,T,1,2,other,services,course,other,1,2,1,no,no,no,no,no,yes,yes,no,4,5,2,2,2,4,3.0,13,11.0,11,2008-09-09,2008-11-29,2009-03-06,2009-06-10
313,S381,GP,F,19,U,LE3,T,3,2,services,other,reputation,other,2,2,1,no,yes,yes,no,no,yes,yes,yes,4,2,2,1,2,1,22.0,13,10.0,11,2008-09-04,2008-11-23,2009-03-04,2009-05-25
314,S382,GP,F,19,U,GT3,T,1,1,at_home,health,home,other,1,3,2,no,no,no,no,no,yes,yes,yes,4,1,2,1,1,3,14.0,15,13.0,13,2008-09-05,2008-11-25,2009-03-03,2009-06-01
315,S383,GP,F,19,R,GT3,T,2,3,other,other,reputation,other,1,3,1,no,no,no,no,yes,yes,yes,yes,4,1,2,1,1,3,40.0,13,11.0,11,2008-09-06,2008-12-08,2009-03-01,2009-06-03
316,S151,GP,F,18,U,GT3,T,2,1,services,other,course,mother,2,2,0,no,yes,yes,yes,yes,yes,yes,no,5,3,3,1,2,1,0.0,8,8.0,0,2008-09-08,2008-12-09,2009-03-09,2009-06-02
317,S158,GP,F,18,U,GT3,T,4,3,other,other,course,mother,1,3,0,no,yes,yes,yes,yes,yes,yes,yes,4,3,4,1,1,5,9.0,9,10.0,9,2008-09-06,2008-12-07,2009-03-02,2009-06-06
318,S098,GP,F,17,R,GT3,T,3,4,at_home,services,course,father,1,3,0,no,yes,yes,yes,no,yes,yes,no,4,3,4,2,5,5,0.0,11,,10,2008-09-11,2008-11-30,2009-03-14,2009-05-30
319,S162,GP,F,18,U,GT3,T,4,4,teacher,other,course,mother,1,2,0,no,yes,yes,no,yes,yes,yes,no,4,4,4,3,3,5,2.0,11,11.0,11,2008-09-05,2008-11-25,2009-03-08,2009-05-26
320,S106,GP,F,17,U,GT3,A,4,3,services,services,course,mother,1,2,0,no,yes,,no,yes,yes,yes,yes,5,2,2,1,2,5,23.0,13,13.0,13,2008-09-07,2008-11-30,2009-03-04,2009-05-28
321,S115,GP,F,17,U,GT3,T,2,2,other,other,course,mother,1,2,0,no,yes,no,no,yes,yes,no,yes,4,2,2,1,1,3,12.0,11,9.0,9,2008-09-06,2008-12-03,2009-03-05,2009-05-26
322,S100,GP,F,17,R,LE3,T,2,2,services,services,course,mother,1,3,0,no,yes,yes,yes,yes,yes,yes,no,3,3,2,2,2,3,3.0,11,11.0,11,2008-09-03,2008-11-27,2009-02-23,2009-05-25
323,S119,GP,F,17,U,GT3,T,3,1,services,services,course,father,1,3,0,no,yes,no,no,no,yes,yes,no,3,4,3,2,3,5,1.0,12,14.0,15,2008-09-10,2008-12-06,2009-03-11,2009-06-01
324,S133,GP,F,17,U,LE3,T,0,2,at_home,at_home,home,father,2,3,0,no,no,no,no,yes,yes,yes,no,3,3,3,2,3,2,0.0,16,,15,2008-09-04,2008-11-25,2009-03-03,2009-06-02
325,S307,GP,M,18,U,GT3,T,4,4,other,other,course,mother,1,3,0,no,no,no,yes,yes,yes,yes,no,4,3,3,2,2,3,3.0,9,12.0,11,2008-09-05,2008-12-04,2009-03-07,2009-05-27
326,S276,GP,M,17,U,GT3,T,3,3,other,services,reputation,mother,1,1,0,no,no,no,yes,no,yes,yes,no,4,3,5,3,5,5,3.0,14,15.0,16,2008-09-12,2008-12-05,2009-03-05,2009-06-12
327,S263,GP,M,17,R,GT3,T,2,2,services,other,course,mother,4,1,0,no,yes,no,no,yes,yes,yes,no,4,4,5,5,5,4,,11,10.0,10,2008-09-14,2008-12-03,2009-03-14,2009-06-12
328,S384,GP,F,17,U,GT3,T,4,4,teacher,services,course,mother,1,3,0,no,yes,yes,yes,yes,yes,yes,no,5,4,4,1,3,4,7.0,10,,9,2008-09-10,2008-12-10,2009-03-06,2009-06-10
329,S132,GP,F,17,U,GT3,T,4,4,teacher,teacher,course,mother,2,3,0,no,yes,yes,no,no,yes,yes,yes,4,3,3,1,2,4,4.0,14,14.0,14,2008-09-13,2008-12-15,2009-03-04,2009-06-01
330,S311,GP,M,18,U,LE3,T,2,2,other,other,course,mother,1,4,0,no,yes,no,yes,yes,yes,yes,no,4,5,5,2,4,5,,9,8.0,8,2008-09-12,2008-12-01,2009-03-03,2009-06-13
331,S097,GP,F,17,R,GT3,T,2,4,at_home,other,course,father,1,3,0,no,yes,no,no,yes,yes,yes,yes,4,4,3,1,1,5,7.0,12,14.0,14,2008-09-07,2008-12-02,2009-03-04,2009-06-03
332,S157,GP,F,18,U,GT3,T,3,3,services,services,home,mother,1,2,0,no,no,no,yes,yes,yes,yes,no,5,3,4,1,1,4,0.0,7,0.0,0,2008-09-11,2008-12-12,2009-03-04,2009-06-12
333,S165,GP,F,18,U,LE3,T,2,2,other,other,home,other,1,2,0,no,no,no,yes,no,yes,yes,yes,4,3,3,1,1,2,0.0,8,8.0,0,2008-09-05,2008-12-04,2009-02-23,2009-05-28
334,S145,GP,F,18,R,GT3,T,2,2,at_home,other,course,mother,2,4,0,no,no,no,yes,yes,yes,no,no,4,4,4,1,1,4,0.0,10,9.0,0,2008-09-07,2008-12-08,2009-03-02,2009-06-08
335,S125,GP,F,17,U,GT3,T,3,4,services,other,course,mother,1,3,0,no,no,no,no,yes,yes,yes,no,4,4,5,1,3,5,16.0,16,15.0,15,2008-09-08,2008-12-03,2009-03-06,2009-06-03
336,S385,GP,F,19,R,GT3,A,3,1,services,at_home,home,other,1,3,1,no,no,yes,no,yes,yes,no,no,5,4,3,1,2,5,12.0,14,13.0,13,2008-09-14,2008-12-08,2009-03-07,2009-06-02
337,S122,GP,F,17,U,GT3,T,3,2,other,other,home,mother,1,2,0,no,yes,yes,no,yes,yes,yes,yes,4,3,2,2,3,2,0.0,7,8.0,0,2008-09-12,2008-12-11,2009-03-15,2009-06-05
338,S166,GP,F,18,U,LE3,T,3,3,services,services,home,mother,1,4,0,no,yes,no,no,yes,yes,yes,no,5,3,3,1,1,1,7.0,16,15.0,17,2008-09-07,2008-11-28,2009-03-07,2009-05-27
339,S093,GP,F,17,R,GT3,A,3,2,,other,home,mother,1,2,0,no,yes,yes,no,yes,yes,yes,no,4,3,3,2,3,2,4.0,9,10.0,10,2008-09-10,2008-12-02,2009-03-06,2009-06-11
340,S386,GP,F,19,U,GT3,T,2,1,services,services,home,other,1,3,1,no,no,yes,yes,yes,yes,yes,yes,4,3,4,1,3,3,4.0,11,12.0,11,2008-09-03,2008-12-01,2009-03-06,2009-05-25
341,S387,GP,M,18,U,GT3,T,4,4,teacher,services,home,father,1,2,1,no,yes,no,yes,yes,yes,yes,no,4,3,3,2,2,2,0.0,10,10.0,0,2008-09-12,2008-12-11,2009-03-07,2009-06-02
342,S313,GP,M,18,U,LE3,T,3,4,services,other,home,mother,1,2,0,no,no,no,yes,yes,yes,yes,yes,4,3,3,1,3,5,11.0,16,15.0,15,2008-09-08,2008-11-28,2009-02-27,2009-06-03
343,S104,GP,F,17,U,GT3,A,2,2,at_home,at_home,home,father,1,2,1,no,yes,no,no,yes,yes,yes,yes,3,3,1,1,2,4,0.0,9,8.0,0,2008-09-08,2008-12-04,2009-02-25,2009-06-01
344,S154,GP,F,18,U,GT3,T,2,3,at_home,other,course,mother,1,3,0,no,yes,no,no,yes,yes,yes,no,4,3,3,1,2,3,4.0,11,10.0,10,2008-09-11,2008-12-05,2009-03-14,2009-05-30
345,S156,GP,F,18,U,GT3,T,3,2,other,services,other,mother,1,3,0,no,no,no,no,yes,yes,yes,yes,5,4,3,2,3,1,7.0,13,13.0,14,2008-09-09,2008-12-05,2009-03-12,2009-06-08
346,S292,GP,M,18,R,GT3,T,4,3,teacher,services,course,mother,1,3,0,no,no,no,no,yes,yes,yes,yes,5,3,2,1,2,4,9.0,16,15.0,16,2008-09-02,2008-12-05,2009-03-02,2009-06-01
347,S306,GP,M,18,U,GT3,T,4,3,teacher,other,course,mother,1,3,0,no,yes,yes,no,yes,yes,yes,yes,5,4,5,2,3,5,0.0,10,10.0,9,2008-09-05,2008-11-25,2009-02-23,2009-06-03
348,S127,GP,F,17,U,GT3,T,4,3,health,other,reputation,mother,1,3,0,no,yes,yes,yes,yes,yes,yes,yes,4,4,3,1,3,4,0.0,13,,15,2008-09-03,2008-12-06,2009-02-24,2009-05-30
349,S348,MS,M,18,R,GT3,T,3,2,other,other,course,mother,2,1,1,no,yes,no,no,no,yes,yes,no,2,5,5,5,5,5,10.0,11,13.0,13,2008-09-11,2008-12-06,2009-02-28,2009-06-04
350,S357,MS,M,19,R,GT3,T,1,1,other,services,home,other,3,2,3,no,no,no,no,yes,yes,yes,no,5,4,4,3,3,2,8.0,8,7.0,8,2008-09-01,2008-12-01,2009-02-18,2009-05-27
351,S344,MS,M,17,U,GT3,T,3,3,health,other,course,mother,2,2,0,no,yes,yes,no,yes,yes,yes,no,4,5,4,2,3,3,2.0,13,13.0,13,2008-09-03,2008-11-28,2009-02-23,2009-05-28
352,S354,MS,M,18,U,LE3,T,1,3,at_home,services,course,mother,1,1,1,no,no,no,no,yes,no,yes,yes,4,3,3,2,3,3,7.0,8,7.0,8,2008-09-09,2008-12-02,2009-03-06,2009-05-29
353,S356,MS,M,19,R,GT3,T,1,1,other,other,home,other,3,1,1,no,yes,no,no,yes,yes,yes,no,4,4,4,3,3,5,4.0,8,8.0,8,2008-09-10,2008-12-10,2009-02-27,2009-05-29
354,S342,MS,M,17,R,GT3,T,4,3,services,other,home,mother,2,2,0,no,yes,yes,yes,no,yes,yes,yes,4,5,5,1,3,2,4.0,13,11.0,11,2008-09-08,2008-12-07,2009-03-11,2009-05-29
355,S337,MS,F,18,U,GT3,T,3,3,services,services,course,father,1,2,0,no,yes,no,no,yes,yes,no,yes,5,3,4,1,1,5,0.0,10,9.0,9,2008-09-13,2008-12-04,2009-03-08,2009-06-06
356,S325,MS,F,17,R,GT3,T,4,4,teacher,services,other,father,2,2,0,no,yes,yes,yes,yes,yes,yes,no,4,3,3,1,2,5,4.0,12,13.0,13,2008-09-13,2008-12-12,2009-03-05,2009-06-02
357,S327,MS,F,17,U,LE3,A,3,2,services,other,reputation,mother,2,2,0,no,no,no,no,yes,yes,no,yes,1,2,3,1,2,5,2.0,12,12.0,11,2008-09-02,2008-12-02,2009-02-26,2009-05-21
358,S353,MS,M,18,U,LE3,T,1,1,other,services,home,father,2,1,0,no,no,no,no,no,yes,yes,yes,3,3,2,1,2,3,4.0,10,10.0,10,2008-09-14,2008-12-08,2009-03-14,2009-06-13
359,S339,MS,F,18,U,LE3,T,1,1,at_home,services,course,father,2,3,0,no,no,no,no,yes,yes,yes,no,5,3,2,1,1,4,0.0,18,16.0,16,2008-09-09,2008-12-11,2009-03-02,2009-06-01
360,S388,MS,F,18,R,LE3,A,1,4,at_home,other,course,mother,3,2,0,no,no,no,no,yes,yes,no,yes,4,3,4,1,4,5,0.0,13,13.0,13,2008-09-09,2008-12-07,2009-02-26,2009-06-04
361,S389,MS,M,18,R,LE3,T,1,1,at_home,other,other,mother,2,2,1,no,no,no,yes,no,no,no,no,4,4,3,2,3,5,2.0,13,12.0,12,2008-09-02,2008-11-26,2009-02-19,2009-05-27
362,S338,MS,F,18,U,GT3,T,3,3,,services,other,mother,2,2,0,no,yes,no,no,yes,yes,yes,yes,4,3,2,1,3,3,0.0,11,11.0,10,2008-09-09,2008-11-28,2009-03-10,2009-06-07
363,S328,MS,F,17,U,LE3,T,4,4,at_home,at_home,course,mother,1,2,0,no,yes,yes,yes,yes,yes,yes,yes,2,3,4,1,1,1,0.0,16,15.0,15,2008-09-11,2008-12-10,2009-03-01,2009-06-09
364,S323,MS,F,17,R,GT3,T,1,2,other,services,course,father,2,2,0,no,no,no,no,no,yes,no,no,3,2,2,1,2,3,0.0,12,11.0,12,2008-09-09,2008-12-01,2009-03-07,2009-05-31
365,S346,MS,M,18,R,GT3,T,1,3,at_home,other,course,mother,2,2,0,no,yes,yes,no,yes,yes,no,no,3,3,4,2,4,3,4.0,10,10.0,10,2008-09-02,2008-12-02,2009-02-24,2009-06-01
366,S355,MS,M,18,U,LE3,T,4,4,,services,other,mother,2,3,0,no,no,yes,no,yes,yes,yes,yes,4,2,2,2,2,5,0.0,13,13.0,13,2008-09-08,2008-12-04,2009-03-08,2009-05-31
367,S321,MS,F,17,R,GT3,T,1,1,other,services,reputation,mother,3,1,1,no,yes,yes,no,yes,yes,yes,yes,5,2,1,1,2,1,0.0,7,6.0,0,2008-09-14,2008-12-10,2009-03-03,2009-06-13
368,S335,MS,F,18,U,GT3,T,2,3,at_home,services,course,father,2,1,0,no,yes,yes,no,yes,yes,yes,yes,5,2,3,1,2,4,0.0,11,10.0,10,2008-09-11,2008-12-02,2009-03-13,2009-06-04
369,S331,MS,F,18,R,GT3,T,4,4,other,teacher,other,father,3,2,0,no,yes,yes,no,no,yes,yes,yes,3,2,2,4,2,5,10.0,14,12.0,11,2008-09-02,2008-12-01,2009-03-01,2009-05-21
370,S390,MS,F,19,U,LE3,T,3,2,services,services,home,other,2,2,2,no,no,no,yes,yes,yes,no,yes,3,2,2,1,1,3,4.0,7,7.0,9,2008-09-14,2008-12-05,2009-03-09,2009-06-12
371,S350,MS,M,18,R,LE3,T,1,2,at_home,services,other,father,3,1,0,no,yes,yes,yes,yes,no,yes,yes,4,3,3,2,3,3,3.0,14,12.0,12,2008-09-14,2008-12-09,2009-03-06,2009-06-01
372,S326,MS,F,17,U,GT3,T,2,2,other,at_home,home,mother,1,3,0,no,no,no,yes,yes,yes,no,yes,3,4,3,1,1,3,8.0,13,11.0,11,2008-09-03,2008-12-04,2009-03-06,2009-06-01
373,S322,MS,F,17,R,GT3,T,1,2,other,other,course,mother,1,1,0,no,no,no,yes,yes,yes,yes,no,3,5,5,1,3,1,14.0,6,5.0,5,2008-09-12,2008-12-14,2009-03-05,2009-05-30
374,S333,MS,F,18,R,LE3,T,4,4,other,other,reputation,mother,2,3,0,no,no,no,no,yes,yes,yes,no,5,4,4,1,1,1,0.0,19,18.0,19,2008-09-06,2008-12-09,2009-03-02,2009-05-27
375,S329,MS,F,18,R,GT3,T,1,1,other,other,home,mother,4,3,0,no,no,no,no,yes,yes,yes,no,4,3,2,1,2,4,2.0,8,8.0,10,2008-09-09,2008-12-12,2009-03-03,2009-06-05
376,S391,MS,F,20,U,GT3,T,4,2,health,other,course,other,2,3,2,no,yes,yes,no,no,yes,yes,yes,5,4,3,1,1,3,4.0,15,14.0,15,2008-09-07,2008-12-04,2009-02-27,2009-06-08
377,S334,MS,F,18,R,LE3,T,4,4,teacher,services,course,mother,1,2,0,no,no,yes,yes,yes,yes,yes,no,5,4,3,3,4,2,,8,9.0,10,2008-09-11,2008-12-03,2009-03-06,2009-06-04
378,S336,MS,F,18,U,GT3,T,3,3,other,other,home,mother,1,2,0,no,no,yes,no,yes,yes,yes,yes,4,1,3,1,2,1,0.0,15,15.0,15,2008-09-14,2008-12-15,2009-03-05,2009-06-02
379,S324,MS,F,17,R,GT3,T,3,1,at_home,other,reputation,mother,1,2,0,no,yes,yes,yes,no,yes,yes,no,4,5,4,2,3,1,17.0,10,10.0,10,2008-09-12,2008-12-13,2009-03-01,2009-06-02
380,S352,MS,M,18,U,GT3,T,4,4,teacher,teacher,home,father,1,2,0,no,no,yes,yes,no,yes,yes,no,3,2,4,1,4,2,4.0,15,14.0,14,2008-09-14,2008-12-17,2009-03-07,2009-06-14
381,S347,MS,M,18,R,GT3,T,2,1,other,other,other,mother,2,1,0,no,no,no,yes,no,yes,yes,yes,4,4,3,1,3,5,5.0,7,6.0,7,2008-09-14,2008-12-12,2009-03-04,2009-06-11
382,S343,MS,M,17,U,GT3,T,2,3,other,services,home,father,2,2,0,no,no,no,yes,yes,yes,yes,no,4,4,3,1,1,3,2.0,11,11.0,10,2008-09-02,2008-11-23,2009-02-25,2009-05-21
383,S358,MS,M,19,R,GT3,T,1,1,other,services,other,mother,2,1,1,no,no,no,no,yes,yes,no,no,4,3,2,1,3,5,0.0,6,5.0,0,2008-09-04,2008-11-30,2009-03-05,2009-05-27
384,S349,MS,M,18,R,GT3,T,4,2,other,other,home,father,2,1,1,no,no,,no,yes,yes,no,no,5,4,3,4,3,3,14.0,6,5.0,5,2008-09-11,2008-12-06,2009-03-02,2009-06-01
385,S330,MS,F,18,R,GT3,T,2,2,at_home,other,other,mother,2,3,0,no,no,yes,no,yes,yes,no,no,5,3,3,1,3,4,2.0,10,9.0,10,2008-09-09,2008-12-10,2009-02-26,2009-05-29
386,S332,MS,F,18,R,GT3,T,4,4,teacher,at_home,reputation,mother,3,1,0,no,yes,yes,yes,yes,yes,yes,yes,4,4,3,2,2,5,7.0,6,5.0,6,2008-09-01,2008-11-25,2009-02-19,2009-05-31
387,S341,MS,F,19,R,GT3,T,2,3,services,other,course,mother,1,3,1,no,no,no,yes,no,yes,yes,no,5,4,2,1,2,5,0.0,7,5.0,0,2008-09-02,2008-11-25,2009-02-26,2009-05-29
388,S340,MS,F,18,U,LE3,T,3,1,teacher,services,course,mother,1,2,0,no,yes,yes,no,yes,yes,yes,no,4,3,4,1,1,1,0.0,7,9.0,8,2008-09-08,2008-11-28,2009-03-01,2009-05-28
389,S392,MS,F,18,U,GT3,T,1,1,other,other,course,mother,2,2,1,no,no,no,yes,yes,yes,no,no,1,1,1,1,1,5,0.0,6,5.0,0,2008-09-09,2008-12-10,2009-03-05,2009-06-05
390,S393,MS,M,20,U,LE3,A,2,2,services,services,course,other,1,2,2,no,yes,yes,no,yes,yes,no,no,5,5,4,4,5,4,11.0,9,9.0,9,2008-09-03,2008-12-03,2009-02-20,2009-05-27
391,S345,MS,M,17,U,LE3,T,3,1,services,services,course,mother,2,1,0,no,no,no,no,no,yes,yes,no,2,4,5,3,4,2,3.0,14,16.0,16,2008-09-03,2008-11-22,2009-02-24,2009-05-21
392,S394,MS,M,21,R,GT3,T,1,1,other,other,course,other,1,1,3,no,no,,no,no,yes,no,no,5,5,3,3,3,3,3.0,10,8.0,7,2008-09-02,2008-11-27,2009-02-25,2009-05-26
393,S351,MS,M,18,R,LE3,T,3,2,services,other,course,mother,3,1,0,no,no,no,no,no,yes,yes,no,4,4,1,3,4,5,0.0,11,12.0,10,2008-09-08,2008-12-04,2009-03-03,2009-05-28
394,S395,MS,M,19,U,LE3,T,1,1,other,at_home,course,father,1,1,0,no,no,no,no,yes,yes,yes,no,3,2,3,3,3,5,5.0,8,9.0,9,2008-09-01,2008-11-27,2009-02-26,2009-05-22
