,school,sex,age,address,famsize,Pstatus,Medu,Fedu,Mjob,Fjob,reason,guardian,traveltime,studytime,failures,schoolsup,famsup,paid,activities,nursery,higher,internet,romantic,famrel,freetime,goout,Dalc,Walc,health,absences,G1,G2,G3,enrollment_date,G1_exam_date,G2_exam_date,G3_exam_date
0,GP,F,18,U,GT3,A,4,4,at_home,teacher,course,mother,2,2,0,yes,no,no,no,yes,yes,no,no,4,3,4,1,1,3,6.0,5,6.0,6,2008-09-02,2008-11-29,2009-03-04,2009-05-31
1,GP,F,17,U,GT3,T,1,1,at_home,other,course,father,1,2,0,no,yes,no,no,no,yes,yes,no,5,3,3,1,1,3,4.0,5,5.0,6,2008-09-04,2008-11-30,2009-02-23,2009-05-29
2,GP,F,15,U,LE3,T,1,1,at_home,other,other,mother,1,2,3,yes,no,yes,no,yes,yes,yes,no,4,3,2,2,3,3,10.0,7,8.0,10,2008-09-04,2008-11-29,2009-02-25,2009-06-03
3,GP,F,15,U,GT3,T,4,2,health,services,home,mother,1,3,0,no,yes,yes,yes,yes,yes,yes,yes,3,2,2,1,1,5,2.0,15,14.0,15,2008-09-10,2008-12-09,2009-03-01,2009-06-04
4,GP,F,16,U,GT3,T,3,3,other,other,home,father,1,2,0,no,yes,yes,no,yes,yes,no,no,4,3,2,1,2,5,4.0,6,10.0,10,2008-09-11,2008-12-07,2009-03-03,2009-06-01
5,GP,M,16,U,LE3,T,4,3,services,other,reputation,mother,1,2,0,no,yes,yes,yes,yes,yes,yes,no,5,4,2,1,2,5,10.0,15,15.0,15,2008-09-11,2008-12-10,2009-03-13,2009-06-01
6,GP,M,16,U,LE3,T,2,2,other,other,home,mother,1,2,0,no,no,no,no,yes,yes,yes,no,4,4,4,1,1,3,0.0,12,12.0,11,2008-09-14,2008-12-14,2009-03-17,2009-06-05
7,GP,F,17,U,GT3,A,4,4,other,teacher,home,mother,2,2,0,yes,yes,no,no,yes,yes,no,no,4,1,4,1,1,1,6.0,6,5.0,6,2008-09-11,2008-12-13,2009-02-28,2009-06-06
8,GP,M,15,U,LE3,A,3,2,services,other,home,mother,1,2,0,no,yes,yes,no,yes,yes,yes,no,4,2,2,1,1,1,0.0,16,18.0,19,2008-09-05,2008-12-05,2009-03-03,2009-05-26
9,GP,M,15,U,GT3,T,3,4,other,other,home,mother,1,2,0,no,yes,yes,yes,yes,yes,yes,no,5,5,1,1,1,5,0.0,14,15.0,15,2008-09-02,2008-11-28,2009-02-22,2009-06-02
10,GP,F,15,U,GT3,T,4,4,teacher,health,reputation,mother,1,2,0,no,yes,yes,no,yes,yes,yes,no,3,3,3,1,2,2,0.0,10,8.0,9,2008-09-09,2008-12-05,2009-02-28,2009-06-03
11,GP,F,15,U,GT3,T,2,1,services,other,reputation,father,3,3,0,no,yes,,yes,yes,yes,yes,no,5,2,2,1,1,4,4.0,10,12.0,12,2008-09-13,2008-12-05,2009-03-06,2009-06-12
12,GP,M,15,U,LE3,T,4,4,health,services,course,father,1,1,0,no,yes,yes,yes,yes,yes,yes,no,4,3,3,1,3,5,2.0,14,14.0,14,2008-09-14,2008-12-11,2009-03-05,2009-06-11
13,GP,M,15,U,GT3,T,4,3,teacher,other,course,mother,2,2,0,no,yes,yes,no,yes,yes,yes,no,5,4,3,1,2,3,2.0,10,10.0,11,2008-09-04,2008-11-25,2009-02-28,2009-05-27
14,GP,M,15,U,GT3,A,2,2,other,other,home,other,1,3,0,no,yes,no,no,yes,yes,yes,yes,4,5,2,1,1,3,0.0,14,16.0,16,2008-09-04,2008-12-06,2009-03-07,2009-05-25
15,GP,F,16,U,GT3,T,4,4,health,other,home,mother,1,1,0,no,yes,no,no,yes,yes,yes,no,4,4,4,1,2,2,4.0,14,14.0,14,2008-09-01,2008-12-02,2009-02-26,2009-05-30
16,GP,F,16,U,GT3,T,4,4,,services,reputation,mother,1,3,0,no,yes,yes,yes,yes,yes,yes,no,3,2,3,1,2,2,6.0,13,14.0,14,2008-09-02,2008-11-22,2009-03-01,2009-05-24
17,GP,F,16,U,GT3,T,3,3,other,other,reputation,mother,3,2,0,yes,yes,no,yes,yes,yes,no,no,5,3,2,1,1,4,4.0,8,10.0,10,2008-09-08,2008-12-08,2009-03-04,2009-05-29
18,GP,M,17,U,GT3,T,3,2,services,services,course,mother,1,1,3,no,yes,no,yes,yes,yes,yes,no,5,5,5,2,4,5,16.0,6,5.0,5,2008-09-08,2008-11-28,2009-02-25,2009-06-08
19,GP,M,16,U,LE3,T,4,3,health,other,home,father,1,1,0,no,no,yes,yes,yes,yes,yes,no,3,1,3,1,3,5,4.0,8,10.0,10,2008-09-06,2008-12-05,2009-02-24,2009-05-31
20,GP,M,15,U,GT3,T,4,3,teacher,other,reputation,mother,1,2,0,no,no,no,no,yes,yes,yes,no,4,4,1,1,1,1,0.0,13,14.0,15,2008-09-05,2008-11-25,2009-02-26,2009-05-23
21,GP,M,15,U,GT3,T,4,4,health,health,other,father,1,1,0,no,yes,yes,no,yes,yes,yes,no,5,4,2,1,1,5,0.0,12,15.0,15,2008-09-12,2008-12-08,2009-03-04,2009-06-06
22,GP,M,16,U,LE3,T,4,2,teacher,other,course,mother,1,2,0,no,no,no,yes,yes,yes,yes,no,4,5,1,1,3,5,2.0,15,15.0,16,2008-09-07,2008-12-05,2009-03-08,2009-05-31
23,GP,M,16,U,LE3,T,2,2,other,other,reputation,mother,2,2,0,no,yes,no,yes,yes,yes,yes,no,5,4,4,2,4,5,0.0,13,13.0,12,2008-09-12,2008-12-11,2009-03-13,2009-06-11
24,GP,F,15,R,GT3,T,2,4,services,health,course,mother,1,3,0,yes,yes,yes,yes,yes,yes,yes,no,4,3,2,1,1,5,2.0,10,9.0,8,2008-09-14,2008-12-09,2009-03-15,2009-06-11
25,GP,F,16,U,GT3,T,2,2,,services,home,mother,1,1,2,no,yes,yes,no,no,yes,yes,no,1,2,2,1,3,5,14.0,6,9.0,8,2008-09-05,2008-12-07,2009-03-03,2009-05-25
26,GP,M,15,U,GT3,T,2,2,other,other,home,mother,1,1,0,no,yes,yes,no,yes,yes,yes,no,4,2,2,1,2,5,2.0,12,12.0,11,2008-09-03,2008-12-03,2009-02-28,2009-05-23
27,GP,M,15,U,GT3,T,4,2,health,services,other,mother,1,1,0,no,no,yes,no,yes,yes,yes,no,2,2,4,2,4,1,4.0,15,16.0,15,2008-09-14,2008-12-06,2009-03-12,2009-06-10
28,GP,M,16,U,LE3,A,3,4,services,other,home,mother,1,2,0,yes,yes,no,yes,yes,yes,yes,no,5,3,3,1,1,5,4.0,11,11.0,11,2008-09-09,2008-12-08,2009-03-04,2009-05-27
29,GP,M,16,U,GT3,T,4,4,teacher,teacher,home,mother,1,2,0,no,yes,,yes,yes,yes,yes,yes,4,4,5,5,5,5,16.0,10,12.0,11,2008-09-05,2008-12-04,2009-03-04,2009-05-27
30,GP,M,15,U,GT3,T,4,4,health,services,home,mother,1,2,0,no,yes,yes,no,no,yes,yes,no,5,4,2,3,4,5,0.0,9,11.0,12,2008-09-09,2008-12-03,2009-03-09,2009-05-29
31,GP,M,15,U,GT3,T,4,4,services,services,reputation,mother,2,2,0,no,yes,no,yes,yes,yes,yes,no,4,3,1,1,1,5,0.0,17,16.0,17,2008-09-08,2008-12-08,2009-03-08,2009-05-26
32,GP,M,15,R,GT3,T,4,3,teacher,at_home,course,mother,1,2,0,no,yes,no,yes,yes,yes,yes,yes,4,5,2,1,1,5,,17,16.0,16,2008-09-13,2008-12-15,2009-03-11,2009-06-13
33,GP,M,15,U,LE3,T,3,3,other,other,course,mother,1,2,0,no,no,no,yes,no,yes,yes,no,5,3,2,1,1,2,,8,10.0,12,2008-09-04,2008-12-05,2009-02-21,2009-05-23
34,GP,M,16,U,GT3,T,3,2,other,other,home,mother,1,1,0,no,yes,,no,no,yes,yes,no,5,4,3,1,1,5,0.0,12,14.0,15,2008-09-14,2008-12-14,2009-03-13,2009-06-01
35,GP,F,15,U,GT3,T,2,3,other,other,other,father,2,1,0,no,yes,no,yes,yes,yes,no,no,3,5,1,1,1,5,0.0,8,7.0,6,2008-09-14,2008-12-12,2009-03-08,2009-06-14
36,GP,M,15,U,LE3,T,4,3,teacher,services,home,mother,1,3,0,no,yes,no,yes,yes,yes,yes,no,5,4,3,1,1,4,,15,,18,2008-09-03,2008-11-26,2009-03-03,2009-05-23
37,GP,M,16,R,GT3,A,4,4,other,teacher,reputation,mother,2,3,0,no,yes,no,yes,yes,yes,yes,yes,2,4,3,1,1,5,7.0,15,16.0,15,2008-09-03,2008-12-03,2009-02-28,2009-06-02
38,GP,F,15,R,GT3,T,3,4,services,health,course,mother,1,3,0,yes,yes,yes,yes,yes,yes,yes,no,4,3,2,1,1,5,2.0,12,12.0,11,2008-09-08,2008-12-02,2009-03-10,2009-05-26
39,GP,F,15,R,GT3,T,2,2,at_home,other,reputation,mother,1,1,0,yes,yes,yes,yes,yes,yes,no,no,4,3,1,1,1,2,8.0,14,13.0,13,2008-09-01,2008-11-27,2009-02-23,2009-05-21
40,GP,F,16,U,LE3,T,2,2,other,other,home,mother,2,2,1,no,yes,no,yes,no,yes,yes,yes,3,3,3,1,2,3,25.0,7,10.0,11,2008-09-05,2008-11-28,2009-03-07,2009-05-24
41,GP,M,15,U,LE3,T,4,4,teacher,other,home,other,1,1,0,no,yes,no,no,no,yes,yes,yes,5,4,3,2,4,5,8.0,12,12.0,12,2008-09-07,2008-11-30,2009-03-08,2009-06-04
42,GP,M,15,U,GT3,T,4,4,services,teacher,course,father,1,2,0,no,yes,,yes,yes,yes,yes,no,4,3,3,1,1,5,2.0,19,18.0,18,2008-09-14,2008-12-05,2009-03-07,2009-06-10
43,GP,M,15,U,GT3,T,2,2,services,services,course,father,1,1,0,yes,yes,no,no,yes,yes,yes,no,5,4,1,1,1,1,0.0,8,8.0,11,2008-09-14,2008-12-17,2009-03-10,2009-06-08
44,GP,F,16,U,LE3,T,2,2,other,at_home,course,father,2,2,1,yes,no,no,yes,yes,yes,yes,no,4,3,3,2,2,5,14.0,10,10.0,9,2008-09-03,2008-11-24,2009-02-27,2009-05-24
45,GP,F,15,U,LE3,A,4,3,other,other,course,mother,1,2,0,yes,yes,yes,yes,yes,yes,yes,yes,5,2,2,1,1,5,8.0,8,8.0,6,2008-09-13,2008-12-03,2009-03-13,2009-06-01
46,GP,F,16,U,LE3,A,3,3,other,services,home,mother,1,2,0,no,yes,no,no,yes,yes,yes,no,2,3,5,1,4,3,12.0,11,12.0,11,2008-09-02,2008-12-05,2009-03-01,2009-05-28
47,GP,M,16,U,GT3,T,4,3,health,services,reputation,mother,1,4,0,no,no,no,yes,yes,yes,yes,no,4,2,2,1,1,2,4.0,19,19.0,20,2008-09-11,2008-12-08,2009-03-12,2009-06-01
48,GP,M,15,U,GT3,T,4,2,teacher,other,home,mother,1,2,0,no,yes,yes,no,yes,yes,no,no,4,3,3,2,2,5,2.0,15,15.0,14,2008-09-12,2008-12-07,2009-03-06,2009-06-07
49,GP,F,15,U,GT3,T,4,4,services,teacher,other,father,1,2,1,yes,yes,no,yes,no,yes,yes,no,4,4,4,1,1,3,2.0,7,7.0,7,2008-09-13,2008-12-13,2009-03-09,2009-06-10
50,GP,F,16,U,LE3,T,2,2,services,services,course,mother,3,2,0,no,yes,yes,no,yes,yes,yes,no,4,3,3,2,3,4,,12,13.0,13,2008-09-04,2008-11-28,2009-02-27,2009-06-03
51,GP,F,15,U,LE3,T,4,2,health,other,other,mother,1,2,0,no,yes,,no,yes,yes,yes,no,4,3,3,1,1,5,2.0,11,13.0,13,2008-09-13,2008-12-03,2009-03-15,2009-06-07
52,GP,M,15,U,LE3,A,4,2,health,health,other,father,2,1,1,no,no,no,no,yes,yes,no,no,5,5,5,3,4,5,6.0,11,11.0,10,2008-09-02,2008-12-01,2009-02-23,2009-05-20
53,GP,F,15,U,GT3,T,4,4,services,services,course,mother,1,1,0,yes,yes,yes,no,yes,yes,yes,no,3,3,4,2,3,5,0.0,8,10.0,11,2008-09-08,2008-11-29,2009-03-05,2009-05-30
54,GP,F,15,U,LE3,A,3,3,other,other,other,mother,1,1,0,no,no,yes,no,yes,yes,yes,no,5,3,4,4,4,1,6.0,10,,13,2008-09-07,2008-12-04,2009-02-25,2009-06-06
55,GP,F,16,U,GT3,A,2,1,other,other,other,mother,1,2,0,no,no,yes,yes,yes,yes,yes,yes,5,3,4,1,1,2,8.0,8,9.0,10,2008-09-05,2008-12-08,2009-03-06,2009-05-30
56,GP,F,15,U,GT3,A,4,3,services,services,reputation,mother,1,2,0,no,yes,yes,yes,yes,yes,yes,no,4,3,2,1,1,1,0.0,14,15.0,15,2008-09-01,2008-12-04,2009-02-23,2009-05-28
57,GP,M,15,U,GT3,T,4,4,teacher,health,reputation,mother,1,2,0,no,yes,no,yes,yes,yes,no,no,3,2,2,1,1,5,4.0,14,15.0,15,2008-09-11,2008-12-05,2009-03-05,2009-06-04
58,GP,M,15,U,LE3,T,1,2,other,at_home,home,father,1,2,0,yes,yes,no,yes,yes,yes,yes,no,4,3,2,1,1,5,2.0,9,10.0,9,2008-09-05,2008-12-05,2009-03-02,2009-05-25
59,GP,F,16,U,GT3,T,4,2,services,other,course,mother,1,2,0,no,yes,no,no,yes,yes,yes,no,4,2,3,1,1,5,2.0,15,16.0,16,2008-09-10,2008-12-08,2009-03-06,2009-06-10
60,GP,F,16,R,GT3,T,4,4,,teacher,other,mother,1,2,0,no,yes,no,yes,yes,yes,no,no,2,4,4,2,3,4,6.0,10,11.0,11,2008-09-06,2008-12-02,2009-03-07,2009-06-04
61,GP,F,16,U,GT3,T,1,1,,services,course,father,4,1,0,yes,yes,no,yes,no,yes,yes,yes,5,5,5,5,5,5,6.0,10,8.0,11,2008-09-06,2008-11-27,2009-03-02,2009-06-07
62,GP,F,16,U,LE3,T,1,2,other,services,reputation,father,1,2,0,yes,no,no,yes,yes,yes,yes,no,4,4,3,1,1,1,4.0,8,10.0,9,2008-09-13,2008-12-07,2009-03-09,2009-06-12
63,GP,F,16,U,GT3,T,4,3,teacher,health,home,mother,1,3,0,yes,yes,yes,yes,yes,yes,yes,no,3,4,4,2,4,4,2.0,10,9.0,9,2008-09-02,2008-11-30,2009-02-20,2009-05-24
64,GP,F,15,U,LE3,T,4,3,services,services,reputation,father,1,2,0,yes,no,no,yes,yes,yes,yes,yes,4,4,4,2,4,2,0.0,10,10.0,10,2008-09-11,2008-12-14,2009-02-28,2009-06-01
65,GP,F,16,U,LE3,T,4,3,teacher,services,course,mother,3,2,0,no,yes,no,yes,yes,yes,yes,no,5,4,3,1,2,1,2.0,16,15.0,15,2008-09-11,2008-11-30,2009-03-05,2009-06-01
66,GP,M,15,U,GT3,A,4,4,other,services,reputation,mother,1,4,0,no,yes,no,yes,no,yes,yes,yes,1,3,3,5,5,3,4.0,13,13.0,12,2008-09-06,2008-12-05,2009-03-09,2009-06-06
67,GP,F,16,U,GT3,T,3,1,services,other,course,mother,1,4,0,yes,yes,yes,no,yes,yes,yes,no,4,3,3,1,2,5,4.0,7,7.0,6,2008-09-04,2008-12-05,2009-03-06,2009-05-30
68,GP,F,15,R,LE3,T,2,2,health,services,reputation,mother,2,2,0,yes,yes,yes,no,yes,yes,yes,no,4,1,3,1,3,4,2.0,8,9.0,8,2008-09-01,2008-12-04,2009-02-27,2009-05-25
69,GP,F,15,R,LE3,T,3,1,other,other,reputation,father,2,4,0,no,yes,no,no,no,yes,yes,no,4,4,2,2,3,3,12.0,16,16.0,16,2008-09-14,2008-12-09,2009-03-12,2009-06-15
70,GP,M,16,U,GT3,T,3,1,other,other,reputation,father,2,4,0,no,yes,yes,no,yes,yes,yes,no,4,3,2,1,1,5,0.0,13,15.0,15,2008-09-14,2008-12-04,2009-03-08,2009-06-10
71,GP,M,15,U,GT3,T,4,2,other,other,course,mother,1,4,0,no,no,no,no,yes,yes,yes,no,3,3,3,1,1,3,0.0,10,10.0,10,2008-09-04,2008-11-27,2009-02-23,2009-06-04
72,GP,F,15,R,GT3,T,1,1,other,other,reputation,mother,1,2,2,yes,yes,no,no,no,yes,yes,yes,3,3,4,2,4,5,2.0,8,6.0,5,2008-09-01,2008-12-02,2009-02-18,2009-06-02
73,GP,M,16,U,GT3,T,3,1,other,other,reputation,mother,1,1,0,no,no,no,yes,yes,yes,no,no,5,3,2,2,2,5,2.0,12,12.0,14,2008-09-02,2008-12-04,2009-02-24,2009-05-21
74,GP,F,16,U,GT3,T,3,3,,services,home,mother,1,2,0,yes,yes,yes,yes,yes,yes,yes,no,4,3,3,2,4,5,54.0,11,12.0,11,2008-09-01,2008-11-29,2009-02-22,2009-05-24
75,GP,M,15,U,GT3,T,4,3,teacher,other,home,mother,1,2,0,no,yes,yes,yes,yes,yes,yes,no,4,3,3,2,3,5,6.0,9,9.0,10,2008-09-12,2008-12-02,2009-03-03,2009-06-10
76,GP,M,15,U,GT3,T,4,0,teacher,other,course,mother,2,4,0,no,no,no,yes,yes,yes,yes,no,3,4,3,1,1,1,8.0,11,11.0,10,2008-09-13,2008-12-03,2009-03-05,2009-06-12
77,GP,F,16,U,GT3,T,2,2,other,other,reputation,mother,1,4,0,no,no,yes,no,yes,yes,yes,yes,5,2,3,1,3,3,,11,11.0,11,2008-09-03,2008-11-29,2009-02-20,2009-05-23
78,GP,M,17,U,GT3,T,2,1,other,other,home,mother,2,1,3,yes,yes,no,yes,yes,no,yes,no,4,5,1,1,1,3,2.0,8,,10,2008-09-11,2008-12-08,2009-03-09,2009-06-02
79,GP,F,16,U,GT3,T,3,4,at_home,other,course,mother,1,2,0,no,yes,no,no,yes,yes,yes,no,2,4,3,1,2,3,12.0,5,5.0,5,2008-09-03,2008-11-22,2009-03-05,2009-05-29
80,GP,M,15,U,GT3,T,2,3,other,services,course,father,1,1,0,yes,yes,yes,yes,no,yes,yes,yes,3,2,2,1,3,3,2.0,10,12.0,12,2008-09-06,2008-12-05,2009-03-05,2009-06-04
81,GP,M,15,U,GT3,T,2,3,other,other,home,mother,1,3,0,yes,no,yes,no,no,yes,yes,no,5,3,2,1,2,5,4.0,11,10.0,11,2008-09-09,2008-12-06,2009-03-04,2009-05-28
82,GP,F,15,U,LE3,T,3,2,services,other,reputation,mother,1,2,0,no,yes,yes,no,yes,yes,yes,no,4,4,4,1,1,5,10.0,7,6.0,6,2008-09-11,2008-11-30,2009-03-06,2009-06-07
83,GP,M,15,U,LE3,T,2,2,services,services,home,mother,2,2,0,no,no,yes,yes,yes,yes,yes,no,5,3,3,1,3,4,4.0,15,15.0,15,2008-09-13,2008-12-03,2009-03-06,2009-06-04
84,GP,F,15,U,GT3,T,1,1,other,other,home,father,1,2,0,no,yes,,yes,no,yes,yes,no,4,3,2,2,3,4,2.0,9,10.0,10,2008-09-01,2008-11-26,2009-02-20,2009-05-22
85,GP,F,15,U,GT3,T,4,4,services,services,reputation,father,2,2,2,no,no,yes,no,yes,yes,yes,yes,4,4,4,2,3,5,6.0,7,9.0,8,2008-09-03,2008-12-02,2009-02-28,2009-05-28
86,GP,F,16,U,LE3,T,2,2,at_home,other,course,mother,1,2,0,no,yes,no,no,yes,yes,no,no,4,3,4,1,2,2,4.0,8,7.0,6,2008-09-04,2008-12-05,2009-03-01,2009-05-28
87,GP,F,15,U,GT3,T,4,2,other,other,reputation,mother,1,3,0,no,yes,no,yes,yes,yes,yes,no,5,3,3,1,3,1,4.0,13,14.0,14,2008-09-05,2008-11-30,2009-02-22,2009-06-01
88,GP,M,16,U,GT3,T,2,2,services,other,reputation,father,2,2,1,no,no,yes,yes,no,yes,yes,no,4,4,2,1,1,3,12.0,11,10.0,10,2008-09-14,2008-12-07,2009-03-09,2009-06-05
89,GP,M,16,U,LE3,A,4,4,teacher,health,reputation,mother,1,2,0,no,yes,no,no,yes,yes,no,no,4,1,3,3,5,5,18.0,8,6.0,7,2008-09-11,2008-12-14,2009-03-04,2009-06-10
90,GP,F,16,U,GT3,T,3,3,other,other,home,mother,1,3,0,no,yes,,no,yes,yes,yes,yes,4,3,3,1,3,4,0.0,7,7.0,8,2008-09-05,2008-11-30,2009-02-24,2009-05-24
91,GP,F,15,U,GT3,T,4,3,services,other,reputation,mother,1,1,0,no,no,yes,yes,yes,yes,yes,no,4,5,5,1,3,1,4.0,16,17.0,18,2008-09-14,2008-12-07,2009-03-13,2009-06-13
92,GP,F,16,U,LE3,T,3,1,other,other,home,father,1,2,0,yes,yes,no,no,yes,yes,no,no,3,3,3,2,3,2,4.0,7,6.0,6,2008-09-07,2008-12-02,2009-03-03,2009-05-25
93,GP,F,16,U,GT3,T,4,2,teacher,services,home,mother,2,2,0,no,yes,yes,yes,yes,yes,yes,no,5,3,3,1,1,1,0.0,11,,10,2008-09-08,2008-11-27,2009-03-06,2009-06-06
94,GP,M,15,U,LE3,T,2,2,services,health,reputation,mother,1,4,0,no,yes,no,yes,yes,yes,yes,no,4,3,4,1,1,4,6.0,11,13.0,14,2008-09-07,2008-11-30,2009-03-06,2009-05-30
95,GP,F,15,R,GT3,T,1,1,at_home,other,home,mother,2,4,1,yes,yes,yes,yes,yes,yes,yes,no,3,1,2,1,1,1,2.0,7,10.0,10,2008-09-03,2008-11-29,2009-03-06,2009-05-26
96,GP,M,16,R,GT3,T,4,3,services,other,reputation,mother,2,1,0,yes,yes,no,yes,no,yes,yes,no,3,3,3,1,1,4,2.0,11,15.0,15,2008-09-14,2008-12-16,2009-03-15,2009-06-01
97,GP,F,16,U,GT3,T,2,1,other,other,course,mother,1,2,0,no,yes,yes,no,yes,yes,no,yes,4,3,5,1,1,5,2.0,8,9.0,10,2008-09-01,2008-12-01,2009-02-27,2009-05-29
98,GP,F,16,U,GT3,T,4,4,other,other,reputation,mother,1,1,0,no,no,no,yes,no,yes,yes,no,5,3,4,1,2,1,6.0,11,14.0,14,2008-09-03,2008-12-03,2009-03-05,2009-05-23
99,GP,F,16,U,GT3,T,4,3,other,at_home,course,mother,1,3,0,yes,yes,yes,no,yes,yes,yes,no,5,3,5,1,1,3,0.0,7,9.0,8,2008-09-04,2008-12-01,2009-02-28,2009-05-31
100,GP,M,16,U,GT3,T,4,4,services,services,other,mother,1,1,0,yes,yes,yes,yes,yes,yes,yes,no,4,5,5,5,5,4,14.0,7,7.0,5,2008-09-04,2008-11-24,2009-03-07,2009-06-01
101,GP,M,16,U,GT3,T,4,4,services,teacher,other,father,1,3,0,no,yes,no,yes,yes,yes,yes,yes,4,4,3,1,1,4,0.0,16,17.0,17,2008-09-02,2008-11-26,2009-03-02,2009-06-01
102,GP,M,15,U,GT3,T,4,4,services,other,course,mother,1,1,0,no,yes,no,yes,no,yes,yes,no,5,3,3,1,1,5,4.0,10,13.0,14,2008-09-01,2008-12-04,2009-02-27,2009-05-29
103,GP,F,15,U,GT3,T,3,2,services,other,home,mother,2,2,0,yes,yes,yes,no,yes,yes,yes,no,4,3,5,1,1,2,26.0,7,6.0,6,2008-09-10,2008-11-29,2009-03-12,2009-06-01
104,GP,M,15,U,GT3,A,3,4,services,other,course,mother,1,2,0,no,yes,yes,yes,yes,yes,yes,no,5,4,4,1,1,1,0.0,16,18.0,18,2008-09-14,2008-12-16,2009-03-10,2009-06-12
105,GP,F,15,U,GT3,A,3,3,other,health,reputation,father,1,4,0,yes,no,no,no,yes,yes,no,no,4,3,3,1,1,4,10.0,10,11.0,11,2008-09-02,2008-12-01,2009-03-01,2009-06-01
106,GP,F,15,U,GT3,T,2,2,other,other,course,mother,1,4,0,yes,yes,yes,no,yes,yes,yes,no,5,1,2,1,1,3,8.0,7,8.0,8,2008-09-05,2008-11-28,2009-02-26,2009-05-27
107,GP,M,16,U,GT3,T,3,3,services,other,home,father,1,3,0,no,yes,no,yes,yes,yes,yes,no,5,3,3,1,1,5,2.0,16,18.0,18,2008-09-08,2008-12-08,2009-03-11,2009-05-27
108,GP,M,15,R,GT3,T,4,4,other,other,home,father,4,4,0,no,yes,,yes,yes,yes,yes,yes,1,3,5,3,5,1,6.0,10,13.0,13,2008-09-13,2008-12-14,2009-03-11,2009-06-13
109,GP,F,16,U,LE3,T,4,4,health,health,other,mother,1,3,0,no,yes,yes,yes,yes,yes,yes,yes,5,4,5,1,1,4,4.0,14,15.0,16,2008-09-10,2008-11-29,2009-03-10,2009-05-30
110,GP,M,15,U,LE3,A,4,4,teacher,teacher,course,mother,1,1,0,no,no,no,yes,yes,yes,yes,no,5,5,3,1,1,4,6.0,18,19.0,19,2008-09-11,2008-12-01,2009-03-06,2009-06-06
111,GP,F,16,R,GT3,T,3,3,services,other,reputation,father,1,3,1,yes,yes,no,yes,yes,yes,yes,no,4,1,2,1,1,2,0.0,7,10.0,10,2008-09-09,2008-12-07,2009-03-11,2009-05-30
112,GP,F,16,U,GT3,T,2,2,at_home,other,home,mother,1,2,1,yes,no,no,yes,yes,yes,yes,no,3,1,2,1,1,5,6.0,10,,13,2008-09-06,2008-12-09,2009-02-24,2009-05-25
113,GP,M,15,U,LE3,T,4,2,teacher,other,course,mother,1,1,0,no,no,no,no,yes,yes,yes,no,3,5,2,1,1,3,10.0,18,19.0,19,2008-09-03,2008-11-22,2009-02-21,2009-06-01
114,GP,M,15,R,GT3,T,2,1,health,services,reputation,mother,1,2,0,no,no,no,yes,yes,yes,yes,yes,5,4,2,1,1,5,8.0,9,9.0,9,2008-09-13,2008-12-11,2009-03-09,2009-06-02
115,GP,M,16,U,GT3,T,4,4,teacher,teacher,course,father,1,2,0,no,yes,no,yes,yes,yes,yes,no,5,4,4,1,2,5,2.0,15,15.0,16,2008-09-12,2008-12-03,2009-03-11,2009-06-09
116,GP,M,15,U,GT3,T,4,4,other,teacher,reputation,father,2,2,0,no,yes,no,yes,yes,yes,no,no,4,4,3,1,1,2,2.0,11,13.0,14,2008-09-01,2008-11-29,2009-03-02,2009-05-29
117,GP,M,16,U,GT3,T,3,3,other,services,home,father,2,1,0,no,no,,yes,yes,yes,yes,no,5,4,2,1,1,5,0.0,13,14.0,13,2008-09-11,2008-12-09,2009-03-06,2009-05-29
118,GP,M,17,R,GT3,T,1,3,other,other,course,father,3,2,1,no,yes,no,yes,yes,yes,yes,no,5,2,4,1,4,5,20.0,9,7.0,8,2008-09-02,2008-11-22,2009-02-28,2009-05-22
119,GP,M,15,U,GT3,T,3,4,other,other,reputation,father,1,1,0,no,no,no,no,yes,yes,yes,no,3,4,3,1,2,4,6.0,14,,13,2008-09-11,2008-12-10,2009-03-08,2009-06-09
120,GP,F,15,U,GT3,T,1,2,at_home,services,course,mother,1,2,0,no,no,no,no,no,yes,yes,no,3,2,3,1,2,1,2.0,16,15.0,15,2008-09-12,2008-12-14,2009-03-15,2009-06-06
121,GP,M,15,U,GT3,T,2,2,services,services,home,father,1,4,0,no,yes,yes,yes,yes,yes,yes,no,5,5,4,1,2,5,6.0,16,14.0,15,2008-09-02,2008-12-03,2009-02-28,2009-05-21
122,GP,F,16,U,LE3,T,2,4,other,health,course,father,2,2,0,no,yes,yes,yes,yes,yes,yes,yes,4,2,2,1,2,5,2.0,13,13.0,13,2008-09-07,2008-11-26,2009-03-02,2009-06-08
123,GP,M,16,U,GT3,T,4,4,health,other,course,mother,1,1,0,no,yes,no,yes,yes,yes,yes,no,3,4,4,1,4,5,18.0,14,11.0,13,2008-09-02,2008-11-24,2009-03-05,2009-05-23
124,GP,F,16,U,GT3,T,2,2,other,other,home,mother,1,2,0,no,no,yes,no,yes,yes,yes,yes,5,4,4,1,1,5,0.0,8,7.0,8,2008-09-08,2008-11-30,2009-02-26,2009-05-26
125,GP,M,15,U,GT3,T,3,4,services,services,home,father,1,1,0,yes,no,no,no,yes,yes,yes,no,5,5,5,3,2,5,0.0,13,13.0,12,2008-09-13,2008-12-08,2009-03-16,2009-06-13
126,GP,F,15,U,LE3,A,3,4,other,other,home,mother,1,2,0,yes,no,no,yes,yes,yes,yes,yes,5,3,2,1,1,1,0.0,7,10.0,11,2008-09-02,2008-11-23,2009-02-21,2009-05-20
127,GP,F,19,U,GT3,T,0,1,at_home,other,course,other,1,2,3,no,yes,no,no,no,no,no,no,3,4,2,1,1,5,2.0,7,8.0,9,2008-09-06,2008-12-07,2009-02-27,2009-06-01
128,GP,M,18,R,GT3,T,2,2,services,other,reputation,mother,1,1,2,no,yes,no,yes,yes,yes,yes,no,3,3,3,1,2,4,0.0,7,4.0,0,2008-09-14,2008-12-14,2009-03-15,2009-06-15
129,GP,M,16,R,GT3,T,4,4,teacher,teacher,course,mother,1,1,0,no,no,yes,yes,yes,yes,yes,no,3,5,5,2,5,4,8.0,18,18.0,18,2008-09-05,2008-12-06,2009-03-05,2009-05-31
130,GP,F,15,R,GT3,T,3,4,services,teacher,course,father,2,3,2,no,yes,no,no,yes,yes,yes,yes,4,2,2,2,2,5,0.0,12,0.0,0,2008-09-02,2008-11-23,2009-03-05,2009-05-28
131,GP,F,15,U,GT3,T,1,1,at_home,other,course,mother,3,1,0,no,yes,no,yes,no,yes,yes,yes,4,3,3,1,2,4,0.0,8,0.0,0,2008-09-07,2008-11-26,2009-03-07,2009-05-30
132,GP,F,17,U,LE3,T,2,2,other,other,course,father,1,1,0,no,yes,no,no,yes,yes,yes,yes,3,4,4,1,3,5,12.0,10,13.0,12,2008-09-08,2008-12-10,2009-03-06,2009-05-27
133,GP,F,16,U,GT3,A,3,4,,other,course,father,1,1,0,no,no,no,no,yes,yes,yes,no,3,2,1,1,4,5,16.0,12,11.0,11,2008-09-10,2008-12-03,2009-03-04,2009-06-05
134,GP,M,15,R,GT3,T,3,4,at_home,teacher,course,mother,4,2,0,no,yes,no,no,yes,yes,no,yes,5,3,3,1,1,5,0.0,9,0.0,0,2008-09-05,2008-12-03,2009-02-22,2009-06-05
135,GP,F,15,U,GT3,T,4,4,services,at_home,course,mother,1,3,0,no,yes,,yes,yes,yes,yes,yes,4,3,3,1,1,5,0.0,11,0.0,0,2008-09-14,2008-12-16,2009-03-04,2009-06-02
136,GP,M,17,R,GT3,T,3,4,at_home,other,course,mother,3,2,0,no,no,no,no,yes,yes,no,no,5,4,5,2,4,5,0.0,10,0.0,0,2008-09-08,2008-11-27,2009-03-01,2009-06-08
137,GP,F,16,U,GT3,A,3,3,other,other,course,other,2,1,2,no,yes,no,yes,no,yes,yes,yes,4,3,2,1,1,5,0.0,4,0.0,0,2008-09-05,2008-11-24,2009-02-22,2009-05-29
138,GP,M,16,U,LE3,T,1,1,services,other,course,mother,1,2,1,no,no,no,no,yes,yes,no,yes,4,4,4,1,3,5,0.0,14,12.0,12,2008-09-14,2008-12-03,2009-03-10,2009-06-09
139,GP,F,15,U,GT3,T,4,4,teacher,teacher,course,mother,2,1,0,no,no,no,yes,yes,yes,yes,no,4,3,2,1,1,5,0.0,16,16.0,15,2008-09-13,2008-12-04,2009-03-13,2009-06-02
140,GP,M,15,U,GT3,T,4,3,,services,course,father,2,4,0,yes,yes,no,no,yes,yes,yes,no,2,2,2,1,1,3,0.0,7,9.0,0,2008-09-07,2008-11-26,2009-03-10,2009-06-03
141,GP,M,16,U,LE3,T,2,2,services,services,reputation,father,2,1,2,no,yes,no,yes,yes,yes,yes,no,2,3,3,2,2,2,8.0,9,9.0,9,2008-09-01,2008-12-02,2009-02-25,2009-05-21
142,GP,F,15,U,GT3,T,4,4,teacher,services,course,mother,1,3,0,no,yes,yes,yes,yes,yes,yes,no,4,2,2,1,1,5,2.0,9,11.0,11,2008-09-09,2008-12-07,2009-03-11,2009-05-31
143,GP,F,16,U,LE3,T,1,1,at_home,at_home,course,mother,1,1,0,no,no,no,no,yes,yes,yes,no,3,4,4,3,3,1,2.0,14,14.0,13,2008-09-08,2008-12-11,2009-03-11,2009-06-05
144,GP,M,17,U,GT3,T,2,1,,other,home,mother,1,1,3,no,yes,no,no,yes,yes,yes,no,5,4,5,1,2,5,0.0,5,0.0,0,2008-09-03,2008-12-04,2009-03-04,2009-05-21
145,GP,F,15,U,GT3,T,1,1,other,services,course,father,1,2,0,no,yes,yes,no,yes,yes,yes,no,4,4,2,1,2,5,0.0,8,11.0,11,2008-09-09,2008-12-12,2009-03-04,2009-06-02
146,GP,F,15,U,GT3,T,3,2,health,services,home,father,1,2,3,no,yes,no,no,yes,yes,yes,no,3,3,2,1,1,3,0.0,6,7.0,0,2008-09-12,2008-12-04,2009-03-05,2009-06-07
147,GP,F,15,U,GT3,T,1,2,at_home,other,course,mother,1,2,0,no,yes,yes,no,no,yes,yes,no,4,3,2,1,1,5,2.0,10,11.0,11,2008-09-02,2008-11-25,2009-03-05,2009-05-21
148,GP,M,16,U,GT3,T,4,4,teacher,teacher,course,mother,1,1,0,no,yes,no,no,yes,no,yes,yes,3,3,2,2,1,5,0.0,7,6.0,0,2008-09-11,2008-12-12,2009-03-03,2009-06-02
149,GP,M,15,U,LE3,A,2,1,services,other,course,mother,4,1,3,no,no,no,no,yes,yes,yes,no,4,5,5,2,5,5,0.0,8,,10,2008-09-02,2008-11-24,2009-02-25,2009-05-25
150,GP,M,18,U,LE3,T,1,1,other,other,course,mother,1,1,3,no,no,no,no,yes,no,yes,yes,2,3,5,2,5,4,0.0,6,5.0,0,2008-09-11,2008-11-30,2009-03-01,2009-06-07
151,GP,M,16,U,LE3,T,2,1,at_home,other,course,mother,1,1,1,no,no,no,yes,yes,yes,no,yes,4,4,4,3,5,5,6.0,12,13.0,14,2008-09-06,2008-12-05,2009-03-06,2009-06-07
152,GP,F,15,R,GT3,T,3,3,services,services,reputation,other,2,3,2,no,yes,yes,yes,yes,yes,yes,yes,4,2,1,2,3,3,8.0,10,10.0,10,2008-09-01,2008-12-02,2009-02-27,2009-05-31
153,GP,M,19,U,GT3,T,3,2,services,at_home,home,mother,1,1,3,no,yes,no,no,yes,no,yes,yes,4,5,4,1,1,4,0.0,5,0.0,0,2008-09-14,2008-12-17,2009-03-04,2009-06-03
154,GP,F,17,U,GT3,T,4,4,other,teacher,course,mother,1,1,0,yes,yes,no,no,yes,yes,no,yes,4,2,1,1,1,4,0.0,11,11.0,12,2008-09-03,2008-12-05,2009-02-23,2009-05-21
155,GP,M,15,R,GT3,T,2,3,at_home,services,course,mother,1,2,0,yes,no,yes,yes,yes,yes,no,no,4,4,4,1,1,1,2.0,11,8.0,8,2008-09-09,2008-11-29,2009-03-06,2009-05-27
156,GP,M,17,R,LE3,T,1,2,other,other,reputation,mother,1,1,0,no,no,no,no,yes,yes,no,no,2,2,2,3,3,5,8.0,16,12.0,13,2008-09-03,2008-12-03,2009-02-28,2009-05-29
157,GP,F,18,R,GT3,T,1,1,at_home,other,course,mother,3,1,3,no,yes,no,yes,no,yes,no,no,5,2,5,1,5,4,6.0,9,8.0,10,2008-09-14,2008-12-15,2009-03-15,2009-06-03
158,GP,M,16,R,GT3,T,2,2,at_home,other,course,mother,3,1,0,no,no,no,no,no,yes,no,no,4,2,2,1,2,3,2.0,17,15.0,15,2008-09-11,2008-12-10,2009-03-03,2009-06-01
159,GP,M,16,U,GT3,T,3,3,other,services,course,father,1,2,1,no,yes,yes,no,yes,yes,yes,yes,4,5,5,4,4,5,4.0,10,12.0,12,2008-09-12,2008-12-13,2009-03-14,2009-06-11
160,GP,M,17,R,LE3,T,2,1,at_home,other,course,mother,2,1,2,no,no,,yes,yes,no,yes,yes,3,3,2,2,2,5,0.0,7,6.0,0,2008-09-07,2008-12-08,2009-03-02,2009-06-07
161,GP,M,15,R,GT3,T,3,2,other,other,course,mother,2,2,2,yes,yes,no,no,yes,yes,yes,yes,4,4,4,1,4,3,6.0,5,9.0,7,2008-09-07,2008-12-02,2009-03-08,2009-06-06
162,GP,M,16,U,LE3,T,1,2,other,other,course,mother,2,1,1,no,no,no,yes,yes,yes,no,no,4,4,4,2,4,5,0.0,7,0.0,0,2008-09-09,2008-11-28,2009-03-01,2009-05-30
163,GP,M,17,U,GT3,T,1,3,at_home,services,course,father,1,1,0,no,no,,no,yes,no,yes,no,5,3,3,1,4,2,2.0,10,10.0,10,2008-09-11,2008-12-06,2009-02-28,2009-06-07
164,GP,M,17,R,LE3,T,1,1,other,services,course,mother,4,2,3,no,no,no,yes,yes,no,no,yes,5,3,5,1,5,5,,5,8.0,7,2008-09-12,2008-12-04,2009-03-01,2009-06-08
165,GP,M,16,U,GT3,T,3,2,services,services,course,mother,2,1,1,no,yes,no,yes,no,no,no,no,4,5,2,1,1,2,16.0,12,11.0,12,2008-09-01,2008-11-21,2009-02-23,2009-05-21
166,GP,M,16,U,GT3,T,2,2,other,other,course,father,1,2,0,no,no,no,no,yes,no,yes,no,4,3,5,2,4,4,,10,10.0,10,2008-09-10,2008-11-30,2009-03-13,2009-06-05
167,GP,F,16,U,GT3,T,4,2,health,services,home,father,1,2,0,no,no,yes,no,yes,yes,yes,yes,4,2,3,1,1,3,0.0,14,,16,2008-09-02,2008-12-01,2009-02-19,2009-05-27
168,GP,F,16,U,GT3,T,2,2,,other,home,mother,1,2,0,no,yes,yes,no,no,yes,yes,no,5,1,5,1,1,4,0.0,6,7.0,0,2008-09-05,2008-12-01,2009-02-27,2009-05-28
169,GP,F,16,U,GT3,T,4,4,health,health,reputation,mother,1,2,0,no,yes,yes,no,yes,yes,yes,yes,4,4,2,1,1,3,0.0,14,14.0,14,2008-09-12,2008-12-09,2009-03-02,2009-06-10
170,GP,M,16,U,GT3,T,3,4,other,other,course,father,3,1,2,no,yes,,yes,no,yes,yes,no,3,4,5,2,4,2,0.0,6,5.0,0,2008-09-04,2008-12-04,2009-03-06,2009-06-01
171,GP,M,16,U,GT3,T,1,0,other,other,reputation,mother,2,2,0,no,yes,yes,yes,yes,yes,yes,yes,4,3,2,1,1,3,2.0,13,15.0,16,2008-09-12,2008-12-09,2009-03-11,2009-06-06
172,GP,M,17,U,LE3,T,4,4,teacher,other,reputation,mother,1,2,0,no,yes,yes,yes,yes,yes,yes,no,4,4,4,1,3,5,0.0,13,11.0,10,2008-09-07,2008-12-05,2009-03-07,2009-06-04
173,GP,F,16,U,GT3,T,1,3,at_home,services,home,mother,1,2,3,no,no,no,yes,no,yes,yes,yes,4,3,5,1,1,3,0.0,8,7.0,0,2008-09-04,2008-11-24,2009-03-03,2009-06-02
174,GP,F,16,U,LE3,T,3,3,other,other,reputation,mother,2,2,0,no,yes,yes,yes,yes,yes,yes,no,4,4,5,1,1,4,4.0,10,11.0,9,2008-09-05,2008-12-06,2009-03-03,2009-05-31
175,GP,M,17,U,LE3,T,4,3,teacher,other,course,mother,2,2,0,no,no,yes,yes,yes,yes,yes,no,4,4,4,4,4,4,4.0,10,9.0,9,2008-09-08,2008-12-03,2009-03-08,2009-05-30
176,GP,F,16,U,GT3,T,2,2,services,other,reputation,mother,2,2,0,no,no,,yes,no,yes,yes,no,3,4,4,1,4,5,2.0,13,13.0,11,2008-09-11,2008-12-02,2009-02-28,2009-06-09
177,GP,M,17,U,GT3,T,3,3,other,other,reputation,father,1,2,0,no,no,no,yes,no,yes,yes,no,4,3,4,1,4,4,,6,5.0,6,2008-09-09,2008-12-10,2009-03-10,2009-06-06
178,GP,M,16,R,GT3,T,4,2,teacher,services,other,mother,1,1,0,no,yes,no,yes,yes,yes,yes,yes,4,3,3,3,4,3,10.0,10,8.0,9,2008-09-14,2008-12-14,2009-03-14,2009-06-15
179,GP,M,17,U,GT3,T,4,3,other,other,course,mother,1,2,0,no,yes,no,yes,yes,yes,yes,yes,5,2,3,1,1,2,4.0,10,10.0,11,2008-09-13,2008-12-02,2009-03-13,2009-06-02
180,GP,M,16,U,GT3,T,4,3,,other,home,mother,1,2,0,no,yes,yes,yes,yes,yes,yes,no,3,4,3,2,3,3,10.0,9,8.0,8,2008-09-11,2008-12-02,2009-03-05,2009-06-04
181,GP,M,16,U,GT3,T,3,3,services,other,home,mother,1,2,0,no,no,yes,yes,yes,yes,yes,yes,4,2,3,1,2,3,2.0,12,13.0,12,2008-09-09,2008-11-28,2009-03-10,2009-06-09
182,GP,F,17,U,GT3,T,2,4,services,services,reputation,father,1,2,0,no,yes,no,yes,yes,yes,no,no,5,4,2,2,3,5,0.0,16,17.0,17,2008-09-05,2008-11-28,2009-02-27,2009-05-30
183,GP,F,17,U,LE3,T,3,3,other,other,reputation,mother,1,2,0,no,yes,no,yes,yes,yes,yes,yes,5,3,3,2,3,1,56.0,9,9.0,8,2008-09-06,2008-11-26,2009-02-23,2009-06-07
184,GP,F,16,U,GT3,T,3,2,other,other,reputation,mother,1,2,0,no,yes,yes,no,yes,yes,yes,no,1,2,2,1,2,1,14.0,12,13.0,12,2008-09-02,2008-12-01,2009-03-04,2009-05-20
185,GP,M,17,U,GT3,T,3,3,services,services,other,mother,1,2,0,no,yes,no,yes,yes,yes,yes,yes,4,3,4,2,3,4,12.0,12,12.0,11,2008-09-06,2008-12-02,2009-02-26,2009-05-24
186,GP,M,16,U,GT3,T,1,2,services,services,other,mother,1,1,0,no,yes,yes,yes,yes,yes,yes,yes,3,3,3,1,2,3,2.0,11,12.0,11,2008-09-13,2008-12-16,2009-03-03,2009-06-11
187,GP,M,16,U,LE3,T,2,1,other,other,course,mother,1,2,0,no,no,yes,yes,yes,yes,yes,yes,4,2,3,1,2,5,0.0,15,15.0,15,2008-09-06,2008-12-06,2009-03-04,2009-05-29
188,GP,F,17,U,GT3,A,3,3,health,other,reputation,mother,1,2,0,no,yes,no,no,no,yes,yes,yes,3,3,3,1,3,3,6.0,8,7.0,9,2008-09-02,2008-11-30,2009-02-22,2009-05-27
189,GP,M,17,R,GT3,T,1,2,at_home,other,home,mother,1,2,0,no,no,no,no,yes,yes,no,no,3,1,3,1,5,3,4.0,8,9.0,10,2008-09-10,2008-12-06,2009-03-11,2009-06-03
190,GP,F,16,U,GT3,T,2,3,services,services,course,mother,1,2,0,no,no,no,no,yes,yes,yes,no,4,3,3,1,1,2,10.0,11,12.0,13,2008-09-14,2008-12-03,2009-03-09,2009-06-07
191,GP,F,17,U,GT3,T,1,1,at_home,services,course,mother,1,2,0,no,no,no,yes,yes,yes,yes,no,5,3,3,1,1,3,0.0,8,8.0,9,2008-09-13,2008-12-03,2009-03-02,2009-06-14
192,GP,M,17,U,GT3,T,1,2,,services,other,other,2,2,0,no,no,yes,yes,no,yes,yes,no,4,4,4,4,5,5,12.0,7,8.0,8,2008-09-04,2008-12-02,2009-03-07,2009-05-23
193,GP,M,16,R,GT3,T,3,3,services,services,reputation,mother,1,1,0,no,yes,no,yes,yes,yes,yes,no,4,3,2,3,4,5,8.0,8,9.0,10,2008-09-07,2008-11-26,2009-03-03,2009-06-05
194,GP,M,16,U,GT3,T,2,3,other,other,home,father,2,1,0,no,no,no,no,yes,yes,yes,no,5,3,3,1,1,3,0.0,13,14.0,14,2008-09-08,2008-11-27,2009-02-28,2009-06-08
195,GP,F,17,U,LE3,T,2,4,services,services,course,father,1,2,0,no,no,no,yes,yes,yes,yes,yes,4,3,2,1,1,5,0.0,14,15.0,15,2008-09-04,2008-11-26,2009-03-03,2009-05-31
196,GP,M,17,U,GT3,T,4,4,services,teacher,home,mother,1,1,0,no,no,no,no,yes,yes,yes,no,5,2,3,1,2,5,4.0,17,15.0,16,2008-09-04,2008-12-06,2009-02-28,2009-05-27
197,GP,M,16,R,LE3,T,3,3,teacher,other,home,father,3,1,0,no,yes,yes,yes,yes,yes,yes,no,3,3,4,3,5,3,8.0,9,9.0,10,2008-09-04,2008-11-29,2009-02-21,2009-05-24
198,GP,F,17,U,GT3,T,4,4,services,teacher,home,mother,2,1,1,no,yes,no,no,yes,yes,yes,no,4,2,4,2,3,2,24.0,18,18.0,18,2008-09-14,2008-12-13,2009-03-14,2009-06-11
199,GP,F,16,U,LE3,T,4,4,teacher,teacher,reputation,mother,1,2,0,no,yes,yes,no,yes,yes,yes,no,4,5,2,1,2,3,0.0,9,9.0,10,2008-09-11,2008-12-06,2009-03-06,2009-06-05
200,GP,F,16,U,GT3,T,4,3,health,other,home,mother,1,2,0,no,yes,no,yes,yes,yes,yes,no,4,3,5,1,5,2,2.0,16,16.0,16,2008-09-12,2008-12-03,2009-03-11,2009-06-01
201,GP,F,16,U,GT3,T,2,3,other,other,reputation,mother,1,2,0,yes,yes,yes,yes,yes,yes,no,no,4,4,3,1,3,4,,8,10.0,10,2008-09-12,2008-12-06,2009-03-14,2009-06-04
202,GP,F,17,U,GT3,T,1,1,other,other,course,mother,1,2,0,no,yes,yes,no,no,yes,no,no,4,4,4,1,3,1,4.0,9,9.0,10,2008-09-14,2008-12-04,2009-03-12,2009-06-15
203,GP,F,17,R,GT3,T,2,2,other,other,reputation,mother,1,1,0,no,yes,no,no,yes,yes,yes,no,5,3,2,1,2,3,,7,6.0,6,2008-09-02,2008-12-02,2009-03-01,2009-05-23
204,GP,F,16,R,GT3,T,2,2,services,services,reputation,mother,2,4,0,no,yes,yes,yes,no,yes,yes,no,5,3,5,1,1,5,6.0,10,10.0,11,2008-09-13,2008-12-04,2009-03-05,2009-06-02
205,GP,F,17,U,GT3,T,3,4,at_home,services,home,mother,1,3,1,no,yes,yes,no,yes,yes,yes,yes,4,4,3,3,4,5,28.0,10,9.0,9,2008-09-01,2008-11-25,2009-02-21,2009-05-29
206,GP,F,16,U,GT3,A,3,1,services,other,course,mother,1,2,3,no,yes,yes,no,yes,yes,yes,no,2,3,3,2,2,4,5.0,7,7.0,7,2008-09-07,2008-12-10,2009-03-02,2009-05-27
207,GP,F,16,U,GT3,T,4,3,teacher,other,other,mother,1,2,0,no,no,yes,yes,yes,yes,yes,yes,1,3,2,1,1,1,10.0,11,12.0,13,2008-09-09,2008-12-06,2009-03-10,2009-06-09
208,GP,F,16,U,GT3,T,1,1,at_home,other,home,mother,2,1,0,no,yes,yes,no,yes,yes,no,no,4,3,2,1,4,5,6.0,9,9.0,10,2008-09-06,2008-12-01,2009-03-02,2009-06-05
209,GP,F,17,R,GT3,T,4,3,teacher,other,reputation,mother,2,3,0,no,yes,yes,yes,yes,yes,yes,yes,4,4,2,1,1,4,6.0,7,7.0,7,2008-09-03,2008-11-30,2009-02-25,2009-06-04
210,GP,F,19,U,GT3,T,3,3,other,other,reputation,other,1,4,0,no,yes,yes,yes,yes,yes,yes,no,4,3,3,1,2,3,10.0,8,8.0,8,2008-09-03,2008-12-03,2009-03-03,2009-06-03
211,GP,M,17,U,LE3,T,4,4,services,other,home,mother,1,2,0,no,yes,,no,yes,yes,yes,yes,5,3,5,4,5,3,13.0,12,12.0,13,2008-09-12,2008-12-04,2009-03-13,2009-06-02
212,GP,F,16,U,GT3,A,2,2,,other,reputation,mother,1,2,0,yes,yes,,no,yes,yes,yes,no,3,3,4,1,1,4,0.0,12,13.0,14,2008-09-05,2008-12-03,2009-03-07,2009-05-26
213,GP,M,18,U,GT3,T,2,2,services,other,home,mother,1,2,1,no,yes,yes,yes,yes,yes,yes,no,4,4,4,2,4,5,15.0,6,7.0,8,2008-09-05,2008-12-07,2009-02-26,2009-05-28
214,GP,F,17,R,LE3,T,4,4,services,other,other,mother,1,1,0,no,yes,,no,yes,yes,no,no,5,2,1,1,2,3,12.0,8,10.0,10,2008-09-13,2008-12-10,2009-03-12,2009-06-07
215,GP,F,17,U,LE3,T,3,2,other,other,reputation,mother,2,2,0,no,no,,no,yes,yes,yes,no,4,4,4,1,3,1,2.0,14,15.0,15,2008-09-03,2008-11-28,2009-02-28,2009-06-03
216,GP,F,17,U,GT3,T,4,3,other,other,reputation,mother,1,2,2,no,no,yes,no,yes,yes,yes,yes,3,4,5,2,4,1,22.0,6,6.0,4,2008-09-13,2008-12-04,2009-03-08,2009-06-11
217,GP,M,18,U,LE3,T,3,3,services,health,home,father,1,2,1,no,yes,,no,yes,yes,yes,no,3,2,4,2,4,4,13.0,6,6.0,8,2008-09-13,2008-12-05,2009-03-07,2009-06-09
218,GP,F,17,U,GT3,T,2,3,at_home,other,home,father,2,1,0,no,yes,yes,no,yes,yes,no,no,3,3,3,1,4,3,3.0,7,7.0,8,2008-09-09,2008-12-12,2009-02-27,2009-06-09
219,GP,F,17,U,GT3,T,2,2,at_home,at_home,course,mother,1,3,0,no,yes,yes,yes,yes,yes,yes,no,4,3,3,1,1,4,4.0,9,10.0,10,2008-09-03,2008-11-30,2009-02-24,2009-05-30
220,GP,F,17,R,GT3,T,2,1,at_home,services,reputation,mother,2,2,0,no,yes,no,yes,yes,yes,yes,no,4,2,5,1,2,5,2.0,6,6.0,6,2008-09-03,2008-11-26,2009-02-28,2009-05-26
221,GP,F,17,U,GT3,T,1,1,at_home,other,reputation,mother,1,3,1,no,yes,no,yes,yes,yes,no,yes,4,3,4,1,1,5,0.0,6,5.0,0,2008-09-04,2008-11-29,2009-03-06,2009-05-28
222,GP,F,16,U,GT3,T,2,3,services,teacher,other,mother,1,2,0,yes,no,no,no,yes,yes,yes,no,2,3,1,1,1,3,2.0,16,16.0,17,2008-09-09,2008-12-06,2009-03-10,2009-06-03
223,GP,M,18,U,GT3,T,2,2,other,other,home,mother,2,2,0,no,yes,yes,no,yes,yes,yes,no,3,3,3,5,5,4,0.0,12,13.0,13,2008-09-03,2008-11-30,2009-02-22,2009-05-22
224,GP,F,16,U,GT3,T,4,4,teacher,services,home,mother,1,3,0,no,yes,no,yes,no,yes,yes,no,5,3,2,1,1,5,0.0,13,13.0,14,2008-09-07,2008-12-06,2009-03-06,2009-06-05
225,GP,F,18,R,GT3,T,3,1,other,other,reputation,mother,1,2,1,no,no,no,yes,yes,yes,yes,yes,5,3,3,1,1,4,16.0,9,8.0,7,2008-09-02,2008-11-24,2009-02-20,2009-05-29
226,GP,F,17,U,GT3,T,3,2,other,other,course,mother,1,2,0,no,no,no,yes,no,yes,yes,no,5,3,4,1,3,3,10.0,16,15.0,15,2008-09-08,2008-12-06,2009-03-07,2009-06-05
227,GP,M,17,U,LE3,T,2,3,services,services,reputation,father,1,2,0,no,yes,yes,no,no,yes,yes,no,5,3,3,1,3,3,2.0,12,11.0,12,2008-09-01,2008-11-26,2009-02-23,2009-05-27
228,GP,M,18,U,LE3,T,2,1,at_home,other,course,mother,4,2,0,yes,yes,yes,yes,yes,yes,yes,yes,4,3,2,4,5,3,14.0,10,8.0,9,2008-09-10,2008-12-13,2009-03-05,2009-06-08
229,GP,F,17,U,GT3,A,2,1,other,other,course,mother,2,3,0,no,no,no,yes,yes,yes,yes,yes,3,2,3,1,2,3,10.0,12,10.0,12,2008-09-01,2008-11-22,2009-02-28,2009-06-02
230,GP,F,17,U,LE3,T,4,3,health,other,reputation,father,1,2,0,no,no,no,yes,yes,yes,yes,yes,3,2,3,1,2,3,14.0,13,13.0,14,2008-09-03,2008-11-24,2009-02-26,2009-05-29
231,GP,M,17,R,GT3,T,2,2,other,other,course,father,2,2,0,no,yes,yes,yes,yes,yes,yes,no,4,5,2,1,1,1,4.0,11,11.0,11,2008-09-03,2008-11-28,2009-03-04,2009-05-27
232,GP,M,17,U,GT3,T,4,4,teacher,teacher,reputation,mother,1,2,0,yes,yes,no,yes,yes,yes,yes,yes,4,5,5,1,3,2,14.0,11,9.0,9,2008-09-12,2008-12-08,2009-03-09,2009-05-31
233,GP,M,16,U,GT3,T,4,4,health,other,reputation,father,1,2,0,no,yes,,yes,yes,yes,yes,no,4,2,4,2,4,1,2.0,14,13.0,13,2008-09-01,2008-11-30,2009-03-04,2009-05-30
234,GP,M,16,U,LE3,T,1,1,,other,home,mother,2,2,0,no,yes,yes,no,yes,yes,yes,no,3,4,2,1,1,5,18.0,9,7.0,6,2008-09-07,2008-12-02,2009-03-05,2009-06-07
235,GP,M,16,U,GT3,T,3,2,at_home,other,reputation,mother,2,3,0,no,no,no,yes,yes,yes,yes,yes,5,3,3,1,3,2,10.0,11,9.0,10,2008-09-09,2008-12-11,2009-03-02,2009-06-06
236,GP,M,17,U,LE3,T,2,2,other,other,home,father,1,2,0,no,no,yes,yes,no,yes,yes,yes,4,4,2,5,5,4,4.0,14,13.0,13,2008-09-08,2008-12-04,2009-03-08,2009-06-07
237,GP,F,16,U,GT3,T,2,1,other,other,home,mother,1,1,0,no,no,no,no,yes,yes,yes,yes,4,5,2,1,1,5,20.0,13,12.0,12,2008-09-10,2008-11-30,2009-03-05,2009-06-09
238,GP,F,17,R,GT3,T,2,1,at_home,services,course,mother,3,2,0,no,no,no,yes,yes,yes,no,no,2,1,1,1,1,3,2.0,13,11.0,11,2008-09-12,2008-12-02,2009-03-09,2009-06-10
239,GP,M,18,U,GT3,T,2,2,other,services,reputation,father,1,2,1,no,no,no,no,yes,no,yes,no,5,5,4,3,5,2,0.0,7,7.0,0,2008-09-06,2008-12-09,2009-02-25,2009-05-31
240,GP,M,17,U,LE3,T,4,3,health,other,course,mother,2,2,0,no,no,no,yes,yes,yes,yes,yes,2,5,5,1,4,5,14.0,12,12.0,12,2008-09-12,2008-12-03,2009-03-02,2009-05-31
241,GP,M,17,R,LE3,A,4,4,teacher,other,course,mother,2,2,0,no,yes,,no,yes,yes,yes,no,3,3,3,2,3,4,2.0,10,11.0,12,2008-09-05,2008-12-08,2009-03-02,2009-05-23
242,GP,M,16,U,LE3,T,4,3,teacher,other,course,mother,1,1,0,no,no,no,yes,no,yes,yes,no,5,4,5,1,1,3,0.0,6,0.0,0,2008-09-14,2008-12-07,2009-03-05,2009-06-04
243,GP,M,16,U,GT3,T,4,4,services,services,course,mother,1,1,0,no,no,no,yes,yes,yes,yes,no,5,3,2,1,2,5,0.0,13,12.0,12,2008-09-08,2008-11-28,2009-03-11,2009-06-01
244,GP,F,18,U,GT3,T,2,1,other,other,course,other,2,3,0,no,yes,,no,no,yes,yes,yes,4,4,4,1,1,3,0.0,7,0.0,0,2008-09-11,2008-12-04,2009-03-12,2009-06-09
245,GP,M,16,U,GT3,T,2,1,other,other,course,mother,3,1,0,no,no,no,no,yes,yes,yes,no,4,3,3,1,1,4,6.0,18,18.0,18,2008-09-13,2008-12-11,2009-03-12,2009-06-06
246,GP,M,17,U,GT3,T,2,3,other,other,course,father,2,1,0,no,no,no,no,yes,yes,yes,no,5,2,2,1,1,2,4.0,12,12.0,13,2008-09-12,2008-12-07,2009-03-12,2009-05-30
247,GP,M,22,U,GT3,T,3,1,services,services,other,mother,1,1,3,no,no,no,no,no,no,yes,yes,5,4,5,5,5,1,,6,8.0,8,2008-09-12,2008-12-12,2009-03-09,2009-06-02
248,GP,M,18,R,LE3,T,3,3,other,services,course,mother,1,2,1,no,yes,,no,yes,yes,yes,yes,4,3,3,1,3,5,8.0,3,5.0,5,2008-09-08,2008-12-06,2009-02-25,2009-06-09
249,GP,M,16,U,GT3,T,0,2,other,other,other,mother,1,1,0,no,no,yes,no,no,yes,yes,no,4,3,2,2,4,5,0.0,13,,15,2008-09-01,2008-11-26,2009-02-23,2009-06-02
250,GP,M,18,U,GT3,T,3,2,services,other,course,mother,2,1,1,no,no,no,no,yes,no,yes,no,4,4,5,2,4,5,0.0,6,8.0,8,2008-09-07,2008-12-05,2009-03-03,2009-05-30
251,GP,M,16,U,GT3,T,3,3,at_home,other,reputation,other,3,2,0,yes,yes,no,no,no,yes,yes,no,5,3,3,1,3,2,6.0,7,10.0,10,2008-09-03,2008-12-06,2009-03-05,2009-06-02
252,GP,M,18,U,GT3,T,2,1,services,services,other,mother,1,1,1,no,no,no,no,no,no,yes,no,3,2,5,2,5,5,4.0,6,9.0,8,2008-09-13,2008-12-08,2009-03-05,2009-06-10
253,GP,M,16,R,GT3,T,2,1,other,other,course,mother,2,1,0,no,no,no,yes,no,yes,no,no,3,3,2,1,3,3,0.0,8,9.0,8,2008-09-04,2008-11-25,2009-02-28,2009-06-04
254,GP,M,17,R,GT3,T,2,1,other,other,course,mother,1,1,0,no,no,no,no,no,yes,yes,no,4,4,2,2,4,5,0.0,8,12.0,12,2008-09-04,2008-11-29,2009-02-26,2009-06-04
255,GP,M,17,U,LE3,T,1,1,health,other,course,mother,2,1,1,no,yes,no,yes,yes,yes,yes,no,4,4,4,1,2,5,2.0,7,9.0,8,2008-09-04,2008-12-05,2009-02-23,2009-05-31
256,GP,F,17,U,LE3,T,4,2,teacher,services,reputation,mother,1,4,0,no,yes,yes,yes,yes,yes,yes,no,4,2,3,1,1,4,6.0,14,12.0,13,2008-09-09,2008-12-01,2009-02-27,2009-06-01
257,GP,M,19,U,LE3,A,4,3,services,at_home,reputation,mother,1,2,0,no,yes,no,no,yes,yes,yes,no,4,3,1,1,1,1,12.0,11,11.0,11,2008-09-08,2008-12-11,2009-03-02,2009-06-04
258,GP,M,18,U,GT3,T,2,1,,other,home,mother,1,2,0,no,no,no,yes,yes,yes,yes,no,5,2,4,1,2,4,8.0,15,14.0,14,2008-09-14,2008-12-11,2009-03-04,2009-06-05
259,GP,F,17,U,LE3,T,2,2,services,services,course,father,1,4,0,no,no,yes,yes,yes,yes,yes,yes,3,4,1,1,1,2,0.0,10,9.0,0,2008-09-06,2008-12-04,2009-02-24,2009-05-29
260,GP,F,18,U,GT3,T,4,3,services,other,home,father,1,2,0,no,yes,yes,no,yes,yes,yes,yes,3,1,2,1,3,2,21.0,17,18.0,18,2008-09-04,2008-11-27,2009-02-26,2009-05-31
261,GP,M,18,U,GT3,T,4,3,teacher,other,course,mother,1,2,0,no,yes,yes,no,no,yes,yes,no,4,3,2,1,1,3,2.0,8,8.0,8,2008-09-01,2008-12-03,2009-02-21,2009-05-27
262,GP,M,18,R,GT3,T,3,2,,other,course,mother,1,3,0,no,no,no,yes,no,yes,no,no,5,3,2,1,1,3,1.0,13,12.0,12,2008-09-01,2008-11-20,2009-02-26,2009-05-27
263,GP,F,17,U,GT3,T,3,3,other,other,home,mother,1,3,0,no,no,no,yes,no,yes,no,no,3,2,3,1,1,4,4.0,10,9.0,9,2008-09-06,2008-11-29,2009-02-23,2009-05-29
264,GP,F,18,U,GT3,T,2,2,at_home,services,home,mother,1,3,0,no,yes,yes,yes,yes,yes,yes,yes,4,3,3,1,1,3,0.0,9,10.0,0,2008-09-13,2008-12-08,2009-03-06,2009-06-06
265,GP,M,18,R,LE3,A,3,4,other,other,reputation,mother,2,2,0,no,yes,yes,yes,yes,yes,yes,no,4,2,5,3,4,1,13.0,17,17.0,17,2008-09-08,2008-12-04,2009-03-03,2009-05-26
266,GP,M,17,U,GT3,T,3,1,services,other,other,mother,1,2,0,no,no,yes,yes,yes,yes,yes,yes,5,4,4,3,4,5,2.0,9,,10,2008-09-13,2008-12-09,2009-03-16,2009-06-09
267,GP,F,18,R,GT3,T,4,4,,other,reputation,mother,2,2,0,no,no,yes,yes,yes,yes,yes,no,4,3,4,2,2,4,,12,10.0,11,2008-09-02,2008-11-23,2009-02-28,2009-05-28
268,GP,M,18,U,GT3,T,4,2,health,other,reputation,father,1,2,0,no,yes,yes,yes,yes,yes,yes,yes,5,4,5,1,3,5,10.0,10,9.0,10,2008-09-02,2008-11-24,2009-03-04,2009-06-03
269,GP,F,18,R,GT3,T,2,1,other,other,reputation,mother,2,2,0,no,yes,no,no,yes,no,yes,yes,4,3,5,1,2,3,0.0,6,0.0,0,2008-09-12,2008-12-02,2009-03-06,2009-06-06
270,GP,F,19,U,GT3,T,3,3,other,services,home,other,1,2,2,no,yes,yes,yes,yes,yes,yes,no,4,3,5,3,3,5,15.0,9,9.0,9,2008-09-02,2008-11-29,2009-02-25,2009-05-27
271,GP,F,18,U,GT3,T,2,3,other,services,reputation,father,1,4,0,no,yes,yes,yes,yes,yes,yes,yes,4,5,5,1,3,2,4.0,15,14.0,14,2008-09-01,2008-11-25,2009-02-24,2009-05-20
272,GP,F,18,U,LE3,T,1,1,other,other,home,mother,2,2,0,no,yes,yes,no,no,yes,no,no,4,4,3,1,1,3,2.0,11,11.0,11,2008-09-06,2008-12-03,2009-03-08,2009-05-26
273,GP,M,17,R,GT3,T,1,2,at_home,at_home,home,mother,1,2,0,no,yes,yes,yes,no,yes,no,yes,3,5,2,2,2,1,2.0,15,14.0,14,2008-09-13,2008-12-10,2009-03-16,2009-06-05
274,GP,F,17,U,GT3,T,2,4,at_home,health,reputation,mother,2,2,0,no,yes,yes,no,yes,yes,yes,yes,4,3,3,1,1,1,2.0,10,10.0,10,2008-09-10,2008-12-09,2009-03-13,2009-06-02
275,GP,F,17,U,LE3,T,2,2,services,other,course,mother,2,2,0,yes,yes,yes,no,yes,yes,yes,yes,4,4,4,2,3,5,6.0,12,12.0,12,2008-09-02,2008-11-29,2009-03-02,2009-05-25
276,GP,F,18,R,GT3,A,3,2,other,services,home,mother,2,2,0,no,no,no,no,no,no,yes,yes,4,1,1,1,1,5,75.0,10,9.0,9,2008-09-12,2008-12-10,2009-03-08,2009-06-04
277,GP,M,18,U,GT3,T,4,4,teacher,services,home,mother,2,1,0,no,no,yes,yes,yes,yes,yes,no,3,2,4,1,4,3,22.0,9,9.0,9,2008-09-12,2008-12-09,2009-03-09,2009-06-10
278,GP,F,18,U,GT3,T,4,4,health,health,reputation,father,1,2,1,yes,yes,no,yes,yes,yes,yes,yes,2,4,4,1,1,4,15.0,9,8.0,8,2008-09-12,2008-12-10,2009-03-15,2009-05-31
279,GP,M,18,U,LE3,T,4,3,teacher,services,course,mother,2,1,0,no,no,yes,yes,yes,yes,yes,no,4,2,3,1,2,1,,10,11.0,10,2008-09-13,2008-12-11,2009-03-06,2009-06-04
280,GP,M,17,U,LE3,A,4,1,services,other,home,mother,2,1,0,no,no,yes,yes,yes,yes,yes,yes,4,5,4,2,4,5,30.0,8,8.0,8,2008-09-04,2008-11-27,2009-02-26,2009-05-24
281,GP,M,17,U,LE3,A,3,2,teacher,services,home,mother,1,1,1,no,no,no,no,yes,yes,yes,no,4,4,4,3,4,3,19.0,11,9.0,10,2008-09-14,2008-12-06,2009-03-16,2009-06-05
282,GP,F,18,R,LE3,T,1,1,at_home,other,reputation,mother,2,4,0,no,yes,yes,yes,yes,yes,no,no,5,2,2,1,1,3,1.0,12,12.0,12,2008-09-05,2008-12-05,2009-02-27,2009-06-02
283,GP,F,18,U,GT3,T,1,1,,other,home,mother,2,2,0,yes,no,no,yes,yes,yes,yes,no,5,4,4,1,1,4,4.0,8,9.0,10,2008-09-12,2008-12-06,2009-03-04,2009-05-30
284,GP,F,17,U,GT3,T,2,2,other,other,course,mother,1,2,0,no,yes,no,no,no,yes,yes,no,5,4,5,1,2,5,4.0,10,9.0,11,2008-09-09,2008-12-06,2009-03-06,2009-06-01
285,GP,M,17,U,GT3,T,1,1,other,other,reputation,father,1,2,0,no,no,yes,no,no,yes,yes,no,4,3,3,1,2,4,,12,10.0,11,2008-09-11,2008-12-02,2009-03-04,2009-05-29
286,GP,F,18,U,GT3,T,2,2,at_home,at_home,other,mother,1,3,0,no,yes,yes,no,yes,yes,yes,no,4,3,3,1,2,2,5.0,18,18.0,19,2008-09-09,2008-12-04,2009-03-11,2009-06-10
287,GP,F,17,U,GT3,T,1,1,services,teacher,reputation,mother,1,3,0,no,yes,yes,no,yes,yes,yes,no,4,3,3,1,1,3,6.0,13,12.0,12,2008-09-09,2008-12-05,2009-03-11,2009-06-06
288,GP,M,18,U,GT3,T,2,1,services,services,reputation,mother,1,3,0,no,no,yes,yes,yes,yes,yes,no,4,2,4,1,3,2,6.0,15,14.0,14,2008-09-09,2008-12-07,2009-03-02,2009-05-30
289,GP,M,18,U,LE3,A,4,4,teacher,teacher,reputation,mother,1,2,0,no,yes,,yes,yes,yes,yes,no,5,4,3,1,1,2,9.0,15,13.0,15,2008-09-11,2008-12-07,2009-03-07,2009-05-31
290,GP,M,18,U,GT3,T,4,2,,other,home,mother,1,2,0,no,yes,yes,yes,yes,yes,yes,yes,4,3,2,1,4,5,11.0,12,11.0,11,2008-09-11,2008-12-05,2009-03-14,2009-05-30
291,GP,F,17,U,GT3,T,4,3,,services,reputation,mother,1,3,0,no,yes,yes,no,yes,yes,yes,no,4,2,2,1,2,3,,15,15.0,15,2008-09-02,2008-12-05,2009-03-02,2009-05-27
292,GP,F,18,U,LE3,T,2,1,services,at_home,reputation,mother,1,2,1,no,no,no,no,yes,yes,yes,yes,5,4,3,1,1,5,12.0,12,12.0,13,2008-09-12,2008-12-08,2009-03-04,2009-06-10
293,GP,F,17,R,LE3,T,3,1,,other,reputation,mother,2,4,0,no,yes,yes,no,yes,yes,no,no,3,1,2,1,1,3,6.0,18,,18,2008-09-08,2008-12-09,2009-03-05,2009-06-03
294,GP,M,18,R,LE3,T,3,2,services,other,reputation,mother,2,3,0,no,yes,yes,yes,yes,yes,yes,no,5,4,2,1,1,4,8.0,14,13.0,14,2008-09-05,2008-12-05,2009-03-03,2009-06-05
295,GP,M,17,U,GT3,T,3,3,health,other,home,mother,1,1,0,no,yes,yes,no,yes,yes,yes,no,4,4,3,1,3,5,4.0,14,12.0,11,2008-09-08,2008-12-05,2009-03-06,2009-05-31
296,GP,F,19,U,GT3,T,4,4,health,other,reputation,other,2,2,0,no,yes,yes,yes,yes,yes,yes,no,2,3,4,2,3,2,,10,9.0,0,2008-09-14,2008-12-16,2009-03-03,2009-06-05
297,GP,F,18,U,LE3,T,4,3,,other,home,other,2,2,0,no,yes,yes,no,yes,yes,yes,yes,4,4,5,1,2,2,10.0,10,8.0,8,2008-09-13,2008-12-03,2009-03-06,2009-06-07
298,GP,F,18,U,GT3,T,4,3,other,other,reputation,father,1,4,0,no,yes,yes,no,yes,yes,yes,no,4,3,3,1,1,3,0.0,14,13.0,14,2008-09-12,2008-12-14,2009-03-13,2009-06-02
299,GP,M,18,U,LE3,T,4,4,teacher,teacher,home,mother,1,1,0,no,yes,yes,no,yes,yes,yes,yes,1,4,2,2,2,1,5.0,16,15.0,16,2008-09-07,2008-12-08,2009-02-27,2009-06-08
300,GP,F,18,U,LE3,A,4,4,health,other,home,mother,1,2,0,no,yes,no,no,yes,yes,yes,yes,4,2,4,1,1,4,14.0,12,10.0,11,2008-09-11,2008-12-07,2009-03-04,2009-05-31
301,GP,M,17,U,LE3,T,4,4,other,teacher,home,father,2,1,0,no,no,yes,no,yes,yes,yes,no,4,1,1,2,2,5,0.0,11,11.0,10,2008-09-06,2008-12-06,2009-02-27,2009-05-31
302,GP,F,17,U,GT3,T,4,2,other,other,reputation,mother,2,3,0,no,yes,yes,no,yes,yes,yes,no,4,3,3,1,1,3,0.0,15,12.0,14,2008-09-10,2008-12-06,2009-03-01,2009-06-04
303,GP,F,17,U,GT3,T,3,2,health,health,reputation,father,1,4,0,no,yes,yes,yes,no,yes,yes,no,5,2,2,1,2,5,0.0,17,17.0,18,2008-09-09,2008-12-02,2009-02-28,2009-05-27
304,GP,M,19,U,GT3,T,3,3,other,other,home,other,1,2,1,no,yes,no,yes,yes,yes,yes,yes,4,4,4,1,1,3,20.0,15,14.0,13,2008-09-04,2008-12-04,2009-02-26,2009-05-29
305,GP,F,18,U,GT3,T,2,4,services,at_home,reputation,other,1,2,1,no,yes,yes,yes,yes,yes,yes,no,4,4,3,1,1,3,8.0,14,12.0,12,2008-09-04,2008-11-26,2009-03-06,2009-05-28
306,GP,M,20,U,GT3,A,3,2,services,other,course,other,1,1,0,no,no,,yes,yes,yes,no,no,5,5,3,1,1,5,0.0,17,18.0,18,2008-09-01,2008-11-24,2009-02-18,2009-05-22
307,GP,M,19,U,GT3,T,4,4,teacher,services,reputation,other,2,1,1,no,yes,yes,no,yes,yes,yes,yes,4,3,4,1,1,4,,8,9.0,8,2008-09-02,2008-11-28,2009-02-23,2009-05-21
308,GP,M,19,R,GT3,T,3,3,other,services,reputation,father,1,2,1,no,no,no,yes,yes,yes,no,yes,4,5,3,1,2,5,0.0,15,12.0,12,2008-09-07,2008-12-08,2009-02-24,2009-05-25
309,GP,F,19,U,LE3,T,1,1,at_home,other,reputation,other,1,2,1,yes,yes,no,yes,no,yes,yes,no,4,4,3,1,3,3,18.0,12,,10,2008-09-07,2008-12-01,2009-03-04,2009-05-25
310,GP,F,19,U,LE3,T,1,2,services,services,home,other,1,2,1,no,no,no,yes,no,yes,no,yes,4,2,4,2,2,3,0.0,9,9.0,0,2008-09-03,2008-11-29,2009-02-23,2009-05-28
311,GP,F,19,U,GT3,T,2,1,at_home,other,other,other,3,2,0,no,yes,no,no,yes,no,yes,yes,3,4,1,1,1,2,20.0,14,12.0,13,2008-09-06,2008-11-25,2009-03-06,2009-05-25
312,GP,M,19,U,GT3,T,1,2,other,services,course,other,1,2,1,no,no,no,no,no,yes,yes,no,4,5,2,2,2,4,3.0,13,11.0,11,2008-09-09,2008-11-29,2009-03-06,2009-06-10
313,GP,F,19,U,LE3,T,3,2,services,other,reputation,other,2,2,1,no,yes,yes,no,no,yes,yes,yes,4,2,2,1,2,1,22.0,13,10.0,11,2008-09-04,2008-11-23,2009-03-04,2009-05-25
314,GP,F,19,U,GT3,T,1,1,at_home,health,home,other,1,3,2,no,no,no,no,no,yes,yes,yes,4,1,2,1,1,3,14.0,15,13.0,13,2008-09-05,2008-11-25,2009-03-03,2009-06-01
315,GP,F,19,R,GT3,T,2,3,other,other,reputation,other,1,3,1,no,no,no,no,yes,yes,yes,yes,4,1,2,1,1,3,40.0,13,11.0,11,2008-09-06,2008-12-08,2009-03-01,2009-06-03
316,GP,F,18,U,GT3,T,2,1,services,other,course,mother,2,2,0,no,yes,yes,yes,yes,yes,yes,no,5,3,3,1,2,1,0.0,8,8.0,0,2008-09-08,2008-12-09,2009-03-09,2009-06-02
317,GP,F,18,U,GT3,T,4,3,other,other,course,mother,1,3,0,no,yes,yes,yes,yes,yes,yes,yes,4,3,4,1,1,5,9.0,9,10.0,9,2008-09-06,2008-12-07,2009-03-02,2009-06-06
318,GP,F,17,R,GT3,T,3,4,at_home,services,course,father,1,3,0,no,yes,yes,yes,no,yes,yes,no,4,3,4,2,5,5,0.0,11,,10,2008-09-11,2008-11-30,2009-03-14,2009-05-30
319,GP,F,18,U,GT3,T,4,4,teacher,other,course,mother,1,2,0,no,yes,yes,no,yes,yes,yes,no,4,4,4,3,3,5,2.0,11,11.0,11,2008-09-05,2008-11-25,2009-03-08,2009-05-26
320,GP,F,17,U,GT3,A,4,3,services,services,course,mother,1,2,0,no,yes,,no,yes,yes,yes,yes,5,2,2,1,2,5,23.0,13,13.0,13,2008-09-07,2008-11-30,2009-03-04,2009-05-28
321,GP,F,17,U,GT3,T,2,2,other,other,course,mother,1,2,0,no,yes,no,no,yes,yes,no,yes,4,2,2,1,1,3,12.0,11,9.0,9,2008-09-06,2008-12-03,2009-03-05,2009-05-26
322,GP,F,17,R,LE3,T,2,2,services,services,course,mother,1,3,0,no,yes,yes,yes,yes,yes,yes,no,3,3,2,2,2,3,3.0,11,11.0,11,2008-09-03,2008-11-27,2009-02-23,2009-05-25
323,GP,F,17,U,GT3,T,3,1,services,services,course,father,1,3,0,no,yes,no,no,no,yes,yes,no,3,4,3,2,3,5,1.0,12,14.0,15,2008-09-10,2008-12-06,2009-03-11,2009-06-01
324,GP,F,17,U,LE3,T,0,2,at_home,at_home,home,father,2,3,0,no,no,no,no,yes,yes,yes,no,3,3,3,2,3,2,0.0,16,,15,2008-09-04,2008-11-25,2009-03-03,2009-06-02
325,GP,M,18,U,GT3,T,4,4,other,other,course,mother,1,3,0,no,no,no,yes,yes,yes,yes,no,4,3,3,2,2,3,3.0,9,12.0,11,2008-09-05,2008-12-04,2009-03-07,2009-05-27
326,GP,M,17,U,GT3,T,3,3,other,services,reputation,mother,1,1,0,no,no,no,yes,no,yes,yes,no,4,3,5,3,5,5,3.0,14,15.0,16,2008-09-12,2008-12-05,2009-03-05,2009-06-12
327,GP,M,17,R,GT3,T,2,2,services,other,course,mother,4,1,0,no,yes,no,no,yes,yes,yes,no,4,4,5,5,5,4,,11,10.0,10,2008-09-14,2008-12-03,2009-03-14,2009-06-12
328,GP,F,17,U,GT3,T,4,4,teacher,services,course,mother,1,3,0,no,yes,yes,yes,yes,yes,yes,no,5,4,4,1,3,4,7.0,10,,9,2008-09-10,2008-12-10,2009-03-06,2009-06-10
329,GP,F,17,U,GT3,T,4,4,teacher,teacher,course,mother,2,3,0,no,yes,yes,no,no,yes,yes,yes,4,3,3,1,2,4,4.0,14,14.0,14,2008-09-13,2008-12-15,2009-03-04,2009-06-01
330,GP,M,18,U,LE3,T,2,2,other,other,course,mother,1,4,0,no,yes,no,yes,yes,yes,yes,no,4,5,5,2,4,5,,9,8.0,8,2008-09-12,2008-12-01,2009-03-03,2009-06-13
331,GP,F,17,R,GT3,T,2,4,at_home,other,course,father,1,3,0,no,yes,no,no,yes,yes,yes,yes,4,4,3,1,1,5,7.0,12,14.0,14,2008-09-07,2008-12-02,2009-03-04,2009-06-03
332,GP,F,18,U,GT3,T,3,3,services,services,home,mother,1,2,0,no,no,no,yes,yes,yes,yes,no,5,3,4,1,1,4,0.0,7,0.0,0,2008-09-11,2008-12-12,2009-03-04,2009-06-12
333,GP,F,18,U,LE3,T,2,2,other,other,home,other,1,2,0,no,no,no,yes,no,yes,yes,yes,4,3,3,1,1,2,0.0,8,8.0,0,2008-09-05,2008-12-04,2009-02-23,2009-05-28
334,GP,F,18,R,GT3,T,2,2,at_home,other,course,mother,2,4,0,no,no,no,yes,yes,yes,no,no,4,4,4,1,1,4,0.0,10,9.0,0,2008-09-07,2008-12-08,2009-03-02,2009-06-08
335,GP,F,17,U,GT3,T,3,4,services,other,course,mother,1,3,0,no,no,no,no,yes,yes,yes,no,4,4,5,1,3,5,16.0,16,15.0,15,2008-09-08,2008-12-03,2009-03-06,2009-06-03
336,GP,F,19,R,GT3,A,3,1,services,at_home,home,other,1,3,1,no,no,yes,no,yes,yes,no,no,5,4,3,1,2,5,12.0,14,13.0,13,2008-09-14,2008-12-08,2009-03-07,2009-06-02
337,GP,F,17,U,GT3,T,3,2,other,other,home,mother,1,2,0,no,yes,yes,no,yes,yes,yes,yes,4,3,2,2,3,2,0.0,7,8.0,0,2008-09-12,2008-12-11,2009-03-15,2009-06-05
338,GP,F,18,U,LE3,T,3,3,services,services,home,mother,1,4,0,no,yes,no,no,yes,yes,yes,no,5,3,3,1,1,1,7.0,16,15.0,17,2008-09-07,2008-11-28,2009-03-07,2009-05-27
339,GP,F,17,R,GT3,A,3,2,,other,home,mother,1,2,0,no,yes,yes,no,yes,yes,yes,no,4,3,3,2,3,2,4.0,9,10.0,10,2008-09-10,2008-12-02,2009-03-06,2009-06-11
340,GP,F,19,U,GT3,T,2,1,services,services,home,other,1,3,1,no,no,yes,yes,yes,yes,yes,yes,4,3,4,1,3,3,4.0,11,12.0,11,2008-09-03,2008-12-01,2009-03-06,2009-05-25
341,GP,M,18,U,GT3,T,4,4,teacher,services,home,father,1,2,1,no,yes,no,yes,yes,yes,yes,no,4,3,3,2,2,2,0.0,10,10.0,0,2008-09-12,2008-12-11,2009-03-07,2009-06-02
342,GP,M,18,U,LE3,T,3,4,services,other,home,mother,1,2,0,no,no,no,yes,yes,yes,yes,yes,4,3,3,1,3,5,11.0,16,15.0,15,2008-09-08,2008-11-28,2009-02-27,2009-06-03
343,GP,F,17,U,GT3,A,2,2,at_home,at_home,home,father,1,2,1,no,yes,no,no,yes,yes,yes,yes,3,3,1,1,2,4,0.0,9,8.0,0,2008-09-08,2008-12-04,2009-02-25,2009-06-01
344,GP,F,18,U,GT3,T,2,3,at_home,other,course,mother,1,3,0,no,yes,no,no,yes,yes,yes,no,4,3,3,1,2,3,4.0,11,10.0,10,2008-09-11,2008-12-05,2009-03-14,2009-05-30
345,GP,F,18,U,GT3,T,3,2,other,services,other,mother,1,3,0,no,no,no,no,yes,yes,yes,yes,5,4,3,2,3,1,7.0,13,13.0,14,2008-09-09,2008-12-05,2009-03-12,2009-06-08
346,GP,M,18,R,GT3,T,4,3,teacher,services,course,mother,1,3,0,no,no,no,no,yes,yes,yes,yes,5,3,2,1,2,4,9.0,16,15.0,16,2008-09-02,2008-12-05,2009-03-02,2009-06-01
347,GP,M,18,U,GT3,T,4,3,teacher,other,course,mother,1,3,0,no,yes,yes,no,yes,yes,yes,yes,5,4,5,2,3,5,0.0,10,10.0,9,2008-09-05,2008-11-25,2009-02-23,2009-06-03
348,GP,F,17,U,GT3,T,4,3,health,other,reputation,mother,1,3,0,no,yes,yes,yes,yes,yes,yes,yes,4,4,3,1,3,4,0.0,13,,15,2008-09-03,2008-12-06,2009-02-24,2009-05-30
349,MS,M,18,R,GT3,T,3,2,other,other,course,mother,2,1,1,no,yes,no,no,no,yes,yes,no,2,5,5,5,5,5,10.0,11,13.0,13,2008-09-11,2008-12-06,2009-02-28,2009-06-04
350,MS,M,19,R,GT3,T,1,1,other,services,home,other,3,2,3,no,no,no,no,yes,yes,yes,no,5,4,4,3,3,2,8.0,8,7.0,8,2008-09-01,2008-12-01,2009-02-18,2009-05-27
351,MS,M,17,U,GT3,T,3,3,health,other,course,mother,2,2,0,no,yes,yes,no,yes,yes,yes,no,4,5,4,2,3,3,2.0,13,13.0,13,2008-09-03,2008-11-28,2009-02-23,2009-05-28
352,MS,M,18,U,LE3,T,1,3,at_home,services,course,mother,1,1,1,no,no,no,no,yes,no,yes,yes,4,3,3,2,3,3,7.0,8,7.0,8,2008-09-09,2008-12-02,2009-03-06,2009-05-29
353,MS,M,19,R,GT3,T,1,1,other,other,home,other,3,1,1,no,yes,no,no,yes,yes,yes,no,4,4,4,3,3,5,4.0,8,8.0,8,2008-09-10,2008-12-10,2009-02-27,2009-05-29
354,MS,M,17,R,GT3,T,4,3,services,other,home,mother,2,2,0,no,yes,yes,yes,no,yes,yes,yes,4,5,5,1,3,2,4.0,13,11.0,11,2008-09-08,2008-12-07,2009-03-11,2009-05-29
355,MS,F,18,U,GT3,T,3,3,services,services,course,father,1,2,0,no,yes,no,no,yes,yes,no,yes,5,3,4,1,1,5,0.0,10,9.0,9,2008-09-13,2008-12-04,2009-03-08,2009-06-06
356,MS,F,17,R,GT3,T,4,4,teacher,services,other,father,2,2,0,no,yes,yes,yes,yes,yes,yes,no,4,3,3,1,2,5,4.0,12,13.0,13,2008-09-13,2008-12-12,2009-03-05,2009-06-02
357,MS,F,17,U,LE3,A,3,2,services,other,reputation,mother,2,2,0,no,no,no,no,yes,yes,no,yes,1,2,3,1,2,5,2.0,12,12.0,11,2008-09-02,2008-12-02,2009-02-26,2009-05-21
358,MS,M,18,U,LE3,T,1,1,other,services,home,father,2,1,0,no,no,no,no,no,yes,yes,yes,3,3,2,1,2,3,4.0,10,10.0,10,2008-09-14,2008-12-08,2009-03-14,2009-06-13
359,MS,F,18,U,LE3,T,1,1,at_home,services,course,father,2,3,0,no,no,no,no,yes,yes,yes,no,5,3,2,1,1,4,0.0,18,16.0,16,2008-09-09,2008-12-11,2009-03-02,2009-06-01
360,MS,F,18,R,LE3,A,1,4,at_home,other,course,mother,3,2,0,no,no,no,no,yes,yes,no,yes,4,3,4,1,4,5,0.0,13,13.0,13,2008-09-09,2008-12-07,2009-02-26,2009-06-04
361,MS,M,18,R,LE3,T,1,1,at_home,other,other,mother,2,2,1,no,no,no,yes,no,no,no,no,4,4,3,2,3,5,2.0,13,12.0,12,2008-09-02,2008-11-26,2009-02-19,2009-05-27
362,MS,F,18,U,GT3,T,3,3,,services,other,mother,2,2,0,no,yes,no,no,yes,yes,yes,yes,4,3,2,1,3,3,0.0,11,11.0,10,2008-09-09,2008-11-28,2009-03-10,2009-06-07
363,MS,F,17,U,LE3,T,4,4,at_home,at_home,course,mother,1,2,0,no,yes,yes,yes,yes,yes,yes,yes,2,3,4,1,1,1,0.0,16,15.0,15,2008-09-11,2008-12-10,2009-03-01,2009-06-09
364,MS,F,17,R,GT3,T,1,2,other,services,course,father,2,2,0,no,no,no,no,no,yes,no,no,3,2,2,1,2,3,0.0,12,11.0,12,2008-09-09,2008-12-01,2009-03-07,2009-05-31
365,MS,M,18,R,GT3,T,1,3,at_home,other,course,mother,2,2,0,no,yes,yes,no,yes,yes,no,no,3,3,4,2,4,3,4.0,10,10.0,10,2008-09-02,2008-12-02,2009-02-24,2009-06-01
366,MS,M,18,U,LE3,T,4,4,,services,other,mother,2,3,0,no,no,yes,no,yes,yes,yes,yes,4,2,2,2,2,5,0.0,13,13.0,13,2008-09-08,2008-12-04,2009-03-08,2009-05-31
367,MS,F,17,R,GT3,T,1,1,other,services,reputation,mother,3,1,1,no,yes,yes,no,yes,yes,yes,yes,5,2,1,1,2,1,0.0,7,6.0,0,2008-09-14,2008-12-10,2009-03-03,2009-06-13
368,MS,F,18,U,GT3,T,2,3,at_home,services,course,father,2,1,0,no,yes,yes,no,yes,yes,yes,yes,5,2,3,1,2,4,0.0,11,10.0,10,2008-09-11,2008-12-02,2009-03-13,2009-06-04
369,MS,F,18,R,GT3,T,4,4,other,teacher,other,father,3,2,0,no,yes,yes,no,no,yes,yes,yes,3,2,2,4,2,5,10.0,14,12.0,11,2008-09-02,2008-12-01,2009-03-01,2009-05-21
370,MS,F,19,U,LE3,T,3,2,services,services,home,other,2,2,2,no,no,no,yes,yes,yes,no,yes,3,2,2,1,1,3,4.0,7,7.0,9,2008-09-14,2008-12-05,2009-03-09,2009-06-12
371,MS,M,18,R,LE3,T,1,2,at_home,services,other,father,3,1,0,no,yes,yes,yes,yes,no,yes,yes,4,3,3,2,3,3,3.0,14,12.0,12,2008-09-14,2008-12-09,2009-03-06,2009-06-01
372,MS,F,17,U,GT3,T,2,2,other,at_home,home,mother,1,3,0,no,no,no,yes,yes,yes,no,yes,3,4,3,1,1,3,8.0,13,11.0,11,2008-09-03,2008-12-04,2009-03-06,2009-06-01
373,MS,F,17,R,GT3,T,1,2,other,other,course,mother,1,1,0,no,no,no,yes,yes,yes,yes,no,3,5,5,1,3,1,14.0,6,5.0,5,2008-09-12,2008-12-14,2009-03-05,2009-05-30
374,MS,F,18,R,LE3,T,4,4,other,other,reputation,mother,2,3,0,no,no,no,no,yes,yes,yes,no,5,4,4,1,1,1,0.0,19,18.0,19,2008-09-06,2008-12-09,2009-03-02,2009-05-27
375,MS,F,18,R,GT3,T,1,1,other,other,home,mother,4,3,0,no,no,no,no,yes,yes,yes,no,4,3,2,1,2,4,2.0,8,8.0,10,2008-09-09,2008-12-12,2009-03-03,2009-06-05
376,MS,F,20,U,GT3,T,4,2,health,other,course,other,2,3,2,no,yes,yes,no,no,yes,yes,yes,5,4,3,1,1,3,4.0,15,14.0,15,2008-09-07,2008-12-04,2009-02-27,2009-06-08
377,MS,F,18,R,LE3,T,4,4,teacher,services,course,mother,1,2,0,no,no,yes,yes,yes,yes,yes,no,5,4,3,3,4,2,,8,9.0,10,2008-09-11,2008-12-03,2009-03-06,2009-06-04
378,MS,F,18,U,GT3,T,3,3,other,other,home,mother,1,2,0,no,no,yes,no,yes,yes,yes,yes,4,1,3,1,2,1,0.0,15,15.0,15,2008-09-14,2008-12-15,2009-03-05,2009-06-02
379,MS,F,17,R,GT3,T,3,1,at_home,other,reputation,mother,1,2,0,no,yes,yes,yes,no,yes,yes,no,4,5,4,2,3,1,17.0,10,10.0,10,2008-09-12,2008-12-13,2009-03-01,2009-06-02
380,MS,M,18,U,GT3,T,4,4,teacher,teacher,home,father,1,2,0,no,no,yes,yes,no,yes,yes,no,3,2,4,1,4,2,4.0,15,14.0,14,2008-09-14,2008-12-17,2009-03-07,2009-06-14
381,MS,M,18,R,GT3,T,2,1,other,other,other,mother,2,1,0,no,no,no,yes,no,yes,yes,yes,4,4,3,1,3,5,5.0,7,6.0,7,2008-09-14,2008-12-12,2009-03-04,2009-06-11
382,MS,M,17,U,GT3,T,2,3,other,services,home,father,2,2,0,no,no,no,yes,yes,yes,yes,no,4,4,3,1,1,3,2.0,11,11.0,10,2008-09-02,2008-11-23,2009-02-25,2009-05-21
383,MS,M,19,R,GT3,T,1,1,other,services,other,mother,2,1,1,no,no,no,no,yes,yes,no,no,4,3,2,1,3,5,0.0,6,5.0,0,2008-09-04,2008-11-30,2009-03-05,2009-05-27
384,MS,M,18,R,GT3,T,4,2,other,other,home,father,2,1,1,no,no,,no,yes,yes,no,no,5,4,3,4,3,3,14.0,6,5.0,5,2008-09-11,2008-12-06,2009-03-02,2009-06-01
385,MS,F,18,R,GT3,T,2,2,at_home,other,other,mother,2,3,0,no,no,yes,no,yes,yes,no,no,5,3,3,1,3,4,2.0,10,9.0,10,2008-09-09,2008-12-10,2009-02-26,2009-05-29
386,MS,F,18,R,GT3,T,4,4,teacher,at_home,reputation,mother,3,1,0,no,yes,yes,yes,yes,yes,yes,yes,4,4,3,2,2,5,7.0,6,5.0,6,2008-09-01,2008-11-25,2009-02-19,2009-05-31
387,MS,F,19,R,GT3,T,2,3,services,other,course,mother,1,3,1,no,no,no,yes,no,yes,yes,no,5,4,2,1,2,5,0.0,7,5.0,0,2008-09-02,2008-11-25,2009-02-26,2009-05-29
388,MS,F,18,U,LE3,T,3,1,teacher,services,course,mother,1,2,0,no,yes,yes,no,yes,yes,yes,no,4,3,4,1,1,1,0.0,7,9.0,8,2008-09-08,2008-11-28,2009-03-01,2009-05-28
389,MS,F,18,U,GT3,T,1,1,other,other,course,mother,2,2,1,no,no,no,yes,yes,yes,no,no,1,1,1,1,1,5,0.0,6,5.0,0,2008-09-09,2008-12-10,2009-03-05,2009-06-05
390,MS,M,20,U,LE3,A,2,2,services,services,course,other,1,2,2,no,yes,yes,no,yes,yes,no,no,5,5,4,4,5,4,11.0,9,9.0,9,2008-09-03,2008-12-03,2009-02-20,2009-05-27
391,MS,M,17,U,LE3,T,3,1,services,services,course,mother,2,1,0,no,no,no,no,no,yes,yes,no,2,4,5,3,4,2,3.0,14,16.0,16,2008-09-03,2008-11-22,2009-02-24,2009-05-21
392,MS,M,21,R,GT3,T,1,1,other,other,course,other,1,1,3,no,no,,no,no,yes,no,no,5,5,3,3,3,3,3.0,10,8.0,7,2008-09-02,2008-11-27,2009-02-25,2009-05-26
393,MS,M,18,R,LE3,T,3,2,services,other,course,mother,3,1,0,no,no,no,no,no,yes,yes,no,4,4,1,3,4,5,0.0,11,12.0,10,2008-09-08,2008-12-04,2009-03-03,2009-05-28
394,MS,M,19,U,LE3,T,1,1,other,at_home,course,father,1,1,0,no,no,no,no,yes,yes,yes,no,3,2,3,3,3,5,5.0,8,9.0,9,2008-09-01,2008-11-27,2009-02-26,2009-05-22
