,school,sex,age,address,famsize,Pstatus,Medu,Fedu,Mjob,Fjob,reason,guardian,traveltime,studytime,failures,schoolsup,famsup,paid,activities,nursery,higher,internet,romantic,famrel,freetime,goout,Dalc,Walc,health,absences,G1,G2,G3,enrollment_date
0,GP,F,18,U,GT3,A,4,4,at_home,teacher,course,mother,2,2,0,yes,no,no,no,yes,yes,no,no,4,3,4,1,1,3,4.0,0,11,11,2008-09-13
1,GP,F,17,U,GT3,T,1,1,at_home,other,course,father,1,2,0,no,yes,no,no,no,yes,yes,no,5,3,3,1,1,3,2.0,9,11,11,2008-09-10
2,GP,F,15,U,LE3,T,1,1,at_home,other,other,mother,1,2,0,yes,no,no,no,yes,yes,yes,no,4,3,2,2,3,3,6.0,12,13,12,2008-09-02
3,GP,F,15,U,GT3,T,4,2,health,services,home,mother,1,3,0,no,yes,no,yes,yes,yes,yes,yes,3,2,2,1,1,5,0.0,14,14,14,2008-09-12
4,GP,F,16,U,GT3,T,3,3,other,other,home,father,1,2,0,no,yes,no,no,yes,yes,no,no,4,3,2,1,2,5,0.0,11,13,13,2008-09-09
5,GP,M,16,U,LE3,T,4,3,services,other,reputation,mother,1,2,0,no,yes,no,yes,yes,yes,yes,no,5,4,2,1,2,5,6.0,12,12,13,2008-09-13
6,GP,M,16,U,LE3,T,2,2,other,other,home,mother,1,2,0,no,no,no,no,yes,yes,yes,no,4,4,4,1,1,3,0.0,13,12,13,2008-09-11
7,GP,F,17,U,GT3,A,4,4,other,teacher,home,mother,2,2,0,yes,yes,no,no,yes,yes,no,no,4,1,4,1,1,1,2.0,10,13,13,2008-09-05
8,GP,M,15,U,LE3,A,3,2,services,other,home,mother,1,2,0,no,yes,no,no,yes,yes,yes,no,4,2,2,1,1,1,0.0,15,16,17,2008-09-08
9,GP,M,15,U,GT3,T,3,4,other,other,home,mother,1,2,0,no,yes,no,yes,yes,yes,yes,no,5,5,1,1,1,5,0.0,12,12,13,2008-09-08
10,GP,F,15,U,GT3,T,4,4,teacher,health,reputation,mother,1,2,0,no,yes,no,no,yes,yes,yes,no,3,3,3,1,2,2,2.0,14,14,14,2008-09-11
11,GP,F,15,U,GT3,T,2,1,services,other,reputation,father,3,3,0,no,yes,no,yes,yes,yes,yes,no,5,2,2,1,1,4,0.0,10,12,13,2008-09-04
12,GP,M,15,U,LE3,T,4,4,health,services,course,father,1,1,0,no,yes,no,yes,yes,yes,yes,no,4,3,3,1,3,5,0.0,12,13,12,2008-09-05
13,GP,M,15,U,GT3,T,4,3,teacher,other,course,mother,2,2,0,no,yes,no,no,yes,yes,yes,no,5,4,3,1,2,3,0.0,12,12,13,2008-09-04
14,GP,M,15,U,GT3,A,2,2,,other,home,other,1,3,0,no,yes,no,no,yes,yes,yes,yes,4,5,2,1,1,3,0.0,14,14,15,2008-09-05
15,GP,F,16,U,GT3,T,4,4,health,other,home,mother,1,1,0,no,yes,no,no,yes,yes,yes,no,4,4,4,1,2,2,6.0,17,17,17,2008-09-03
16,GP,F,16,U,GT3,T,4,4,services,services,reputation,mother,1,3,0,no,yes,no,yes,yes,yes,yes,no,3,2,3,1,2,2,10.0,13,13,14,2008-09-01
17,GP,F,16,U,GT3,T,3,3,other,other,reputation,mother,3,2,0,yes,yes,no,yes,yes,yes,no,no,5,3,2,1,1,4,2.0,13,14,14,2008-09-14
18,GP,M,17,U,GT3,T,3,2,services,services,course,mother,1,1,3,no,yes,yes,yes,yes,yes,yes,no,5,5,5,2,4,5,2.0,8,8,7,2008-09-02
19,GP,M,16,U,LE3,T,4,3,health,other,home,father,1,1,0,no,no,no,yes,yes,yes,yes,no,3,1,3,1,3,5,6.0,12,12,12,2008-09-13
20,GP,M,15,U,GT3,T,4,3,teacher,other,reputation,mother,1,2,0,no,no,no,no,yes,yes,yes,no,4,4,1,1,1,1,0.0,12,13,14,2008-09-01
21,GP,M,15,U,GT3,T,4,4,health,health,other,father,1,1,0,no,yes,yes,no,yes,yes,yes,no,5,4,2,1,1,5,0.0,11,12,12,2008-09-11
22,GP,M,16,U,LE3,T,4,2,teacher,other,course,mother,1,2,0,no,no,no,yes,yes,yes,yes,no,4,5,1,1,3,5,0.0,12,13,14,2008-09-05
23,GP,M,16,U,LE3,T,2,2,other,other,reputation,mother,2,2,0,no,yes,no,yes,yes,yes,yes,no,5,4,4,2,4,5,2.0,10,10,10,2008-09-08
24,GP,F,15,R,GT3,T,2,4,services,health,course,mother,1,3,0,yes,yes,no,yes,yes,yes,yes,no,4,3,2,1,1,5,2.0,10,11,10,2008-09-04
25,GP,F,16,U,GT3,T,2,2,services,services,home,mother,1,1,0,no,yes,no,no,no,yes,yes,no,1,2,2,1,3,5,6.0,10,11,12,2008-09-07
26,GP,M,15,U,GT3,T,2,2,,other,home,mother,1,1,0,no,yes,no,no,yes,yes,yes,no,4,2,2,1,2,5,8.0,11,12,12,2008-09-07
27,GP,M,15,U,GT3,T,4,2,health,services,other,mother,1,1,0,no,no,no,no,yes,yes,yes,no,2,2,4,2,4,1,0.0,11,11,11,2008-09-08
28,GP,M,16,U,LE3,A,3,4,services,other,home,mother,1,2,0,yes,yes,yes,yes,yes,yes,yes,no,5,3,3,1,1,5,2.0,12,12,13,2008-09-06
29,GP,M,16,U,GT3,T,4,4,teacher,teacher,home,mother,1,2,0,no,yes,yes,yes,yes,yes,yes,yes,4,4,5,5,5,5,4.0,12,11,12,2008-09-08
30,GP,M,15,U,GT3,T,4,4,health,services,home,mother,1,2,0,no,yes,yes,no,no,yes,yes,no,5,4,2,3,4,5,0.0,10,11,11,2008-09-12
31,GP,M,15,U,GT3,T,4,4,services,services,reputation,mother,2,2,0,no,yes,no,yes,yes,yes,yes,no,4,3,1,1,1,5,2.0,15,15,15,2008-09-07
32,GP,M,15,R,GT3,T,4,3,teacher,at_home,course,mother,1,2,0,no,yes,no,yes,yes,yes,yes,yes,4,5,2,1,1,5,0.0,13,14,15,2008-09-06
33,GP,M,15,U,LE3,T,3,3,other,other,course,mother,1,2,0,no,no,no,yes,no,yes,yes,no,5,3,2,1,1,2,0.0,13,12,12,2008-09-02
34,GP,M,16,U,GT3,T,3,2,other,other,home,mother,1,1,0,no,yes,no,no,no,yes,yes,no,5,4,3,1,1,5,4.0,12,12,12,2008-09-06
35,GP,F,15,U,GT3,T,2,3,other,other,other,father,2,1,0,no,yes,no,yes,yes,yes,no,no,3,5,1,1,1,5,4.0,11,11,11,2008-09-02
36,GP,M,15,U,LE3,T,4,3,teacher,services,home,mother,1,3,0,no,yes,no,yes,yes,yes,yes,no,5,4,3,1,1,4,0.0,14,14,14,2008-09-03
37,GP,M,16,R,GT3,A,4,4,other,teacher,reputation,mother,2,3,0,no,yes,no,yes,yes,yes,yes,yes,2,4,3,1,1,5,4.0,13,13,13,2008-09-14
38,GP,F,15,R,GT3,T,3,4,services,health,course,mother,1,3,0,yes,yes,no,yes,yes,yes,yes,no,4,3,2,1,1,5,2.0,11,12,12,2008-09-02
39,GP,F,15,R,GT3,T,2,2,at_home,other,reputation,mother,1,1,0,yes,yes,no,yes,yes,yes,no,no,4,3,1,1,1,2,8.0,14,13,12,2008-09-07
40,GP,F,16,U,LE3,T,2,2,other,other,home,mother,2,2,0,no,yes,no,yes,no,yes,yes,yes,3,3,3,1,2,3,16.0,11,11,10,2008-09-12
41,GP,M,15,U,LE3,T,4,4,teacher,other,home,other,1,1,0,no,yes,no,no,no,yes,yes,yes,5,4,3,2,4,5,8.0,10,11,11,2008-09-14
42,GP,M,15,U,GT3,T,4,4,services,teacher,course,father,1,2,0,no,yes,no,yes,yes,yes,yes,no,4,3,3,1,1,5,0.0,14,15,15,2008-09-03
43,GP,M,15,U,GT3,T,2,2,services,services,course,father,1,1,0,yes,yes,no,no,yes,yes,yes,no,5,4,1,1,1,1,0.0,9,10,10,2008-09-03
44,GP,F,16,U,LE3,T,2,2,other,at_home,course,father,2,2,1,yes,no,no,yes,yes,yes,yes,no,4,3,3,2,2,5,14.0,10,11,11,2008-09-06
45,GP,F,15,U,LE3,A,4,3,other,other,course,mother,1,2,0,yes,yes,yes,yes,yes,yes,yes,yes,5,2,2,1,1,5,4.0,10,11,11,2008-09-08
46,GP,F,16,U,LE3,A,3,3,other,services,home,mother,1,2,0,no,yes,no,no,yes,yes,yes,no,2,3,5,1,4,3,6.0,13,12,13,2008-09-14
47,GP,M,16,U,GT3,T,4,3,health,services,reputation,mother,1,4,0,no,no,no,yes,yes,yes,yes,no,4,2,2,1,1,2,2.0,17,17,17,2008-09-03
48,GP,M,15,U,GT3,T,4,2,teacher,other,home,mother,1,2,0,no,yes,no,no,yes,yes,no,no,4,3,3,2,2,5,4.0,11,12,13,2008-09-03
49,GP,F,15,U,GT3,T,4,4,services,teacher,other,father,1,2,0,yes,yes,no,yes,no,yes,yes,no,4,4,4,1,1,3,2.0,13,12,12,2008-09-04
50,GP,F,16,U,LE3,T,2,2,services,services,course,mother,3,2,0,no,yes,no,no,yes,yes,yes,no,4,3,3,2,3,4,0.0,14,13,13,2008-09-13
51,GP,F,15,U,LE3,T,4,2,health,other,other,mother,1,2,0,no,yes,no,no,yes,yes,yes,no,4,3,3,1,1,5,0.0,16,14,16,2008-09-01
52,GP,M,15,U,LE3,A,4,2,,health,other,father,2,1,0,no,no,no,no,yes,yes,no,no,5,5,5,3,4,5,4.0,10,9,9,2008-09-06
53,GP,F,15,U,GT3,T,4,4,services,services,course,mother,1,1,0,yes,yes,no,no,yes,yes,yes,no,3,3,4,2,3,5,0.0,13,12,12,2008-09-02
54,GP,F,15,U,LE3,A,3,3,other,other,other,mother,1,1,0,no,no,no,no,yes,yes,yes,no,5,3,4,4,4,1,0.0,13,12,13,2008-09-03
55,GP,F,16,U,GT3,A,2,1,other,other,other,mother,1,2,0,no,no,no,yes,yes,yes,yes,yes,5,3,4,1,1,2,2.0,12,13,12,2008-09-13
56,GP,F,15,U,GT3,A,4,3,services,services,reputation,mother,1,2,0,no,yes,no,yes,yes,yes,yes,no,4,3,2,1,1,1,,15,14,15,2008-09-01
57,GP,M,15,U,GT3,T,4,4,teacher,health,reputation,mother,1,2,0,no,yes,no,yes,yes,yes,no,no,3,2,2,1,1,5,8.0,15,15,16,2008-09-05
58,GP,M,15,U,LE3,T,1,2,,at_home,home,father,1,2,0,yes,yes,no,yes,yes,yes,yes,no,4,3,2,1,1,5,0.0,14,13,14,2008-09-13
59,GP,F,16,U,GT3,T,4,2,services,other,course,mother,1,2,0,no,yes,yes,no,yes,yes,yes,no,4,2,3,1,1,5,2.0,16,15,16,2008-09-09
60,GP,F,16,R,GT3,T,4,4,health,teacher,other,mother,1,2,0,no,yes,no,yes,yes,yes,no,no,2,4,4,2,3,4,0.0,17,16,16,2008-09-02
61,GP,F,16,U,GT3,T,1,1,services,services,course,father,4,1,0,yes,yes,no,yes,no,yes,yes,yes,5,5,5,5,5,5,0.0,10,10,16,2008-09-07
62,GP,F,16,U,LE3,T,1,2,other,services,reputation,father,1,2,0,yes,no,no,yes,yes,yes,yes,no,4,4,3,1,1,1,0.0,13,13,10,2008-09-14
63,GP,F,16,U,GT3,T,4,3,teacher,health,home,mother,1,3,0,yes,yes,no,yes,yes,yes,yes,no,3,4,4,2,4,4,0.0,14,13,13,2008-09-06
64,GP,F,15,U,LE3,T,4,3,services,services,reputation,father,1,2,0,yes,no,no,yes,yes,yes,yes,yes,4,4,4,2,4,2,0.0,13,12,12,2008-09-08
65,GP,F,16,U,LE3,T,4,3,,services,course,mother,3,2,0,no,yes,no,yes,yes,yes,yes,no,5,4,3,1,2,1,2.0,16,15,16,2008-09-08
66,GP,M,15,U,GT3,A,4,4,other,services,reputation,mother,1,4,0,no,yes,no,yes,no,yes,yes,yes,1,3,3,5,5,3,0.0,11,12,12,2008-09-10
67,GP,F,16,U,GT3,T,3,1,services,other,course,mother,1,4,0,yes,yes,no,no,yes,yes,yes,no,4,3,3,1,2,5,0.0,10,9,10,2008-09-03
68,GP,F,15,R,LE3,T,2,2,health,services,reputation,mother,2,2,0,yes,yes,no,no,yes,yes,yes,no,4,1,3,1,3,4,0.0,11,10,11,2008-09-12
69,GP,F,15,R,LE3,T,3,1,other,other,reputation,father,2,4,0,no,yes,no,no,no,yes,yes,no,4,4,2,2,3,3,6.0,15,15,15,2008-09-14
70,GP,M,16,U,GT3,T,3,1,other,other,reputation,father,2,4,0,no,yes,no,no,yes,yes,yes,no,4,3,2,1,1,5,2.0,13,11,11,2008-09-02
71,GP,M,15,U,GT3,T,4,2,other,other,course,mother,1,4,0,no,no,no,no,yes,yes,yes,no,3,3,3,1,1,3,0.0,11,9,10,2008-09-12
72,GP,F,15,R,GT3,T,1,1,other,other,reputation,mother,1,2,0,yes,yes,no,no,no,yes,yes,yes,3,3,4,2,4,5,2.0,13,11,11,2008-09-12
73,GP,M,16,U,GT3,T,3,1,other,other,reputation,mother,1,1,0,no,no,no,yes,yes,yes,no,no,5,3,2,2,2,5,0.0,13,13,14,2008-09-11
74,GP,F,16,U,GT3,T,3,3,other,services,home,mother,1,2,0,yes,yes,no,yes,yes,yes,yes,no,4,3,3,2,4,5,4.0,11,11,11,2008-09-06
75,GP,M,15,U,GT3,T,4,3,teacher,other,home,mother,1,2,0,no,yes,no,yes,yes,yes,yes,no,4,3,3,2,3,5,,11,11,11,2008-09-07
76,GP,M,15,U,GT3,T,4,0,teacher,other,course,mother,2,4,0,no,no,no,yes,yes,yes,yes,no,3,4,3,1,1,1,0.0,12,11,11,2008-09-12
77,GP,F,16,U,GT3,T,2,2,other,other,reputation,mother,1,4,0,no,no,no,no,yes,yes,yes,yes,5,2,3,1,3,3,1.0,13,13,13,2008-09-03
78,GP,M,17,U,GT3,T,2,1,other,other,home,mother,2,1,3,yes,yes,no,yes,yes,no,yes,no,4,5,1,1,1,3,0.0,9,9,10,2008-09-12
79,GP,F,16,U,GT3,T,3,4,at_home,other,course,mother,1,2,0,no,yes,no,no,yes,yes,yes,no,2,4,3,1,2,3,14.0,12,11,11,2008-09-13
80,GP,M,15,U,GT3,T,2,3,other,services,course,father,1,1,0,yes,yes,no,yes,no,yes,yes,yes,3,2,2,1,3,3,0.0,11,11,12,2008-09-10
81,GP,M,15,U,GT3,T,2,3,other,other,home,mother,1,3,0,yes,no,no,no,no,yes,yes,no,5,3,2,1,2,5,2.0,10,9,9,2008-09-05
82,GP,F,15,U,LE3,T,3,2,services,other,reputation,mother,1,2,0,no,yes,no,no,yes,yes,yes,no,4,4,4,1,1,5,4.0,12,11,11,2008-09-08
83,GP,M,15,U,LE3,T,2,2,services,services,home,mother,2,2,0,no,no,yes,yes,yes,yes,yes,no,5,3,3,1,3,4,2.0,13,12,13,2008-09-01
84,GP,F,15,U,GT3,T,1,1,other,other,home,father,1,2,0,no,yes,no,yes,no,yes,yes,no,4,3,2,2,3,4,2.0,13,12,12,2008-09-14
85,GP,F,15,U,GT3,T,4,4,services,services,reputation,father,2,2,0,no,no,no,no,yes,yes,yes,yes,4,4,4,2,3,5,4.0,12,11,12,2008-09-05
86,GP,F,16,U,LE3,T,2,2,,other,course,mother,1,2,0,no,yes,no,no,yes,yes,no,no,4,3,4,1,2,2,6.0,13,11,11,2008-09-01
87,GP,F,15,U,GT3,T,4,2,other,other,reputation,mother,1,3,0,no,yes,no,yes,yes,yes,yes,no,5,3,3,1,3,1,4.0,15,15,15,2008-09-12
88,GP,M,16,U,GT3,T,2,2,services,other,reputation,father,2,2,0,no,no,no,yes,no,yes,yes,no,4,4,2,1,1,3,6.0,12,10,11,2008-09-10
89,GP,M,16,U,LE3,A,4,4,teacher,health,reputation,mother,1,2,0,no,yes,no,no,yes,yes,no,no,4,1,3,3,5,5,6.0,9,9,10,2008-09-09
90,GP,F,16,U,GT3,T,3,3,other,other,home,mother,1,3,0,no,yes,no,no,yes,yes,yes,yes,4,3,3,1,3,4,2.0,9,11,11,2008-09-01
91,GP,F,15,U,GT3,T,4,3,,other,reputation,mother,1,1,0,no,no,no,yes,yes,yes,yes,no,4,5,5,1,3,1,6.0,14,13,13,2008-09-11
92,GP,F,16,U,LE3,T,3,1,other,other,home,father,1,2,0,yes,yes,no,no,yes,yes,no,no,3,3,3,2,3,2,0.0,12,13,12,2008-09-09
93,GP,F,16,U,GT3,T,4,2,teacher,services,home,mother,2,2,0,no,yes,no,yes,yes,yes,yes,no,5,3,3,1,1,1,2.0,13,14,14,2008-09-12
94,GP,M,15,U,LE3,T,2,2,services,health,reputation,mother,1,4,0,no,yes,no,yes,yes,yes,yes,no,4,3,4,1,1,4,2.0,11,12,12,2008-09-12
95,GP,F,15,R,GT3,T,1,1,at_home,other,home,mother,2,4,0,yes,yes,yes,yes,yes,yes,yes,no,3,1,2,1,1,1,,13,13,13,2008-09-03
96,GP,M,16,R,GT3,T,4,3,services,other,reputation,mother,2,1,0,yes,yes,yes,yes,no,yes,yes,no,3,3,3,1,1,4,6.0,9,11,11,2008-09-03
97,GP,F,16,U,GT3,T,2,1,other,other,course,mother,1,2,0,no,yes,no,no,yes,yes,no,yes,4,3,5,1,1,5,0.0,13,12,12,2008-09-13
98,GP,F,16,U,GT3,T,4,4,,other,reputation,mother,1,1,0,no,no,no,yes,no,yes,yes,no,5,3,4,1,2,1,4.0,12,13,13,2008-09-08
99,GP,F,16,U,GT3,T,4,3,other,at_home,course,mother,1,3,0,yes,yes,no,no,yes,yes,yes,no,5,3,5,1,1,3,2.0,12,13,13,2008-09-07
100,GP,M,16,U,GT3,T,4,4,services,services,other,mother,1,1,0,yes,yes,no,yes,yes,yes,yes,no,4,5,5,5,5,4,,9,9,8,2008-09-05
101,GP,M,16,U,GT3,T,4,4,services,teacher,other,father,1,3,0,no,yes,no,yes,yes,yes,yes,yes,4,4,3,1,1,4,0.0,16,16,16,2008-09-09
102,GP,M,15,U,GT3,T,4,4,services,other,course,mother,1,1,0,no,yes,yes,yes,no,yes,yes,no,5,3,3,1,1,5,2.0,12,13,12,2008-09-11
103,GP,F,15,U,GT3,T,3,2,services,other,home,mother,2,2,0,yes,yes,no,no,yes,yes,yes,no,4,3,5,1,1,2,16.0,11,10,10,2008-09-01
104,GP,M,15,U,GT3,A,3,4,services,other,course,mother,1,2,0,no,yes,no,yes,yes,yes,yes,no,5,4,4,1,1,1,0.0,16,16,16,2008-09-08
105,GP,F,15,U,GT3,A,3,3,other,health,reputation,father,1,4,0,yes,no,no,no,yes,yes,no,no,4,3,3,1,1,4,,10,10,10,2008-09-14
106,GP,F,15,U,GT3,T,2,2,other,other,course,mother,1,4,0,yes,yes,no,no,yes,yes,yes,no,5,1,2,1,1,3,4.0,10,10,10,2008-09-04
107,GP,M,16,U,GT3,T,3,3,services,other,home,father,1,3,0,no,yes,no,yes,yes,yes,yes,no,5,3,3,1,1,5,4.0,13,14,14,2008-09-04
108,GP,M,15,R,GT3,T,4,4,,other,home,father,4,4,0,no,yes,no,yes,yes,yes,yes,yes,1,3,5,3,5,1,8.0,12,10,11,2008-09-13
109,GP,F,16,U,LE3,T,4,4,health,health,other,mother,1,3,0,no,yes,no,yes,yes,yes,yes,yes,5,4,5,1,1,4,2.0,15,15,14,2008-09-01
110,GP,M,15,U,LE3,A,4,4,teacher,teacher,course,mother,1,1,0,no,no,no,yes,yes,yes,yes,no,5,5,3,1,1,4,4.0,13,14,14,2008-09-06
111,GP,F,16,R,GT3,T,3,3,,other,reputation,father,1,3,0,yes,yes,no,yes,yes,yes,yes,no,4,1,2,1,1,2,4.0,11,11,11,2008-09-07
112,GP,F,16,U,GT3,T,2,2,,other,home,mother,1,2,1,yes,no,no,yes,yes,yes,yes,no,3,1,2,1,1,5,12.0,8,10,10,2008-09-12
113,GP,M,15,U,LE3,T,4,2,teacher,other,course,mother,1,1,0,no,no,no,no,yes,yes,yes,no,3,5,2,1,1,3,10.0,18,17,18,2008-09-02
114,GP,M,15,R,GT3,T,2,1,health,services,reputation,mother,1,2,0,no,no,no,yes,yes,yes,yes,yes,5,4,2,1,1,5,4.0,10,9,10,2008-09-07
115,GP,M,16,U,GT3,T,4,4,teacher,teacher,course,father,1,2,0,no,yes,no,yes,yes,yes,yes,no,5,4,4,1,2,5,6.0,16,14,14,2008-09-03
116,GP,M,15,U,GT3,T,4,4,other,teacher,reputation,father,2,2,0,no,yes,no,yes,yes,yes,no,no,4,4,3,1,1,2,4.0,16,15,16,2008-09-12
117,GP,M,16,U,GT3,T,3,3,other,services,home,father,2,1,0,no,no,no,yes,yes,yes,yes,no,5,4,2,1,1,5,6.0,14,14,15,2008-09-09
118,GP,M,17,R,GT3,T,1,3,,other,course,father,3,2,1,no,yes,no,yes,yes,yes,yes,no,5,2,4,1,4,5,14.0,12,11,11,2008-09-07
119,GP,M,15,U,GT3,T,3,4,other,other,reputation,father,1,1,0,no,no,no,no,yes,yes,yes,no,3,4,3,1,2,4,2.0,14,13,14,2008-09-06
120,GP,F,15,U,GT3,T,1,2,at_home,services,course,mother,1,2,0,no,no,no,no,no,yes,yes,no,3,2,3,1,2,1,0.0,14,14,14,2008-09-03
121,GP,M,15,U,GT3,T,2,2,services,services,home,father,1,4,0,no,yes,no,yes,yes,yes,yes,no,5,5,4,1,2,5,6.0,14,13,13,2008-09-13
122,GP,F,16,U,LE3,T,2,4,other,health,course,father,2,2,0,no,yes,no,yes,yes,yes,yes,yes,4,2,2,1,2,5,2.0,14,12,13,2008-09-10
123,GP,M,16,U,GT3,T,4,4,health,other,course,mother,1,1,0,no,yes,no,yes,yes,yes,yes,no,3,4,4,1,4,5,4.0,12,13,13,2008-09-05
124,GP,F,16,U,GT3,T,2,2,other,other,home,mother,1,2,0,no,no,no,no,yes,yes,yes,yes,5,4,4,1,1,5,0.0,12,11,11,2008-09-06
125,GP,M,15,U,GT3,T,3,4,services,services,home,father,1,1,0,yes,no,no,no,yes,yes,yes,no,5,5,5,3,2,5,2.0,9,9,9,2008-09-11
126,GP,F,15,U,LE3,A,3,4,other,other,home,mother,1,2,0,yes,no,no,yes,yes,yes,yes,yes,5,3,2,1,1,1,0.0,10,11,11,2008-09-11
127,GP,F,19,U,GT3,T,0,1,at_home,other,course,other,1,2,2,no,yes,no,no,no,no,no,no,3,4,2,1,1,5,0.0,9,10,11,2008-09-07
128,GP,M,16,R,GT3,T,4,4,teacher,teacher,course,mother,1,1,0,no,no,no,yes,yes,yes,yes,no,3,5,5,2,5,4,8.0,14,14,15,2008-09-05
129,GP,M,16,U,GT3,T,2,3,other,other,course,mother,2,3,0,no,yes,no,no,no,yes,yes,yes,3,2,3,2,2,1,4.0,13,12,13,2008-09-10
130,GP,F,15,R,GT3,T,3,4,services,teacher,course,father,2,3,0,no,yes,no,no,yes,yes,yes,yes,4,2,2,2,2,5,0.0,10,11,12,2008-09-10
131,GP,F,18,U,GT3,T,2,1,services,other,reputation,mother,1,2,3,no,yes,no,yes,yes,no,yes,yes,5,4,5,1,3,5,10.0,10,9,8,2008-09-09
132,GP,F,17,U,LE3,A,2,1,other,other,course,mother,3,1,0,no,yes,no,no,yes,yes,yes,no,3,2,2,1,2,5,8.0,11,10,11,2008-09-02
133,GP,F,15,U,GT3,T,1,1,at_home,other,course,mother,3,1,0,no,yes,no,yes,no,yes,yes,yes,4,3,3,1,2,4,6.0,11,12,13,2008-09-07
134,GP,F,17,U,LE3,T,2,2,other,other,course,father,1,1,0,no,yes,no,no,yes,yes,yes,yes,3,4,4,1,3,5,2.0,13,12,12,2008-09-09
135,GP,F,16,U,GT3,A,3,4,services,other,course,father,1,1,0,no,no,no,no,yes,yes,yes,no,3,2,1,1,4,5,12.0,15,13,14,2008-09-14
136,GP,M,16,U,GT3,T,2,1,at_home,other,course,mother,4,1,0,no,no,no,no,yes,yes,no,no,3,2,1,1,1,2,4.0,9,9,11,2008-09-08
137,GP,F,16,U,GT3,A,2,2,other,other,home,mother,1,1,1,no,no,no,no,yes,yes,no,no,5,3,4,1,1,5,12.0,13,11,11,2008-09-05
138,GP,M,15,R,GT3,T,3,4,at_home,teacher,course,mother,4,2,0,no,yes,no,no,yes,yes,no,yes,5,3,3,1,1,5,2.0,12,11,11,2008-09-08
139,GP,F,15,U,GT3,T,4,4,services,at_home,course,mother,1,3,0,no,yes,no,yes,yes,yes,yes,yes,4,3,3,1,1,5,4.0,13,14,15,2008-09-03
140,GP,M,17,R,GT3,T,3,4,at_home,other,course,mother,3,2,0,no,no,no,no,yes,yes,no,no,5,4,5,2,4,5,2.0,10,9,10,2008-09-02
141,GP,F,16,R,GT3,T,1,1,at_home,other,course,mother,4,2,0,no,yes,no,no,yes,yes,no,no,5,1,3,1,1,3,0.0,14,13,13,2008-09-10
142,GP,M,18,U,LE3,T,3,1,services,services,course,mother,2,1,0,no,no,no,yes,yes,yes,yes,yes,3,3,4,4,5,4,2.0,11,11,12,2008-09-14
143,GP,F,18,U,GT3,A,3,2,other,services,course,other,1,3,0,no,yes,no,yes,no,yes,yes,yes,4,3,3,5,1,5,10.0,12,11,11,2008-09-12
144,GP,F,16,R,GT3,T,1,1,other,services,reputation,mother,2,1,0,no,yes,no,yes,yes,yes,no,yes,3,3,3,1,2,1,8.0,12,11,11,2008-09-09
145,GP,F,16,U,GT3,A,3,3,other,other,course,other,2,1,0,no,yes,no,yes,no,yes,yes,yes,4,3,2,1,1,5,4.0,9,9,10,2008-09-01
146,GP,M,16,U,LE3,T,1,1,services,other,course,mother,1,2,2,no,no,no,no,yes,yes,no,yes,4,4,4,1,3,5,0.0,10,10,10,2008-09-14
147,GP,F,15,U,GT3,T,4,4,teacher,teacher,course,mother,2,1,0,no,no,no,yes,yes,yes,yes,no,4,3,2,1,1,5,6.0,13,14,14,2008-09-07
148,GP,F,15,R,GT3,T,1,1,other,other,course,mother,3,1,1,no,no,no,yes,yes,yes,yes,yes,5,5,5,1,1,1,2.0,8,9,9,2008-09-05
149,GP,M,15,U,GT3,T,4,3,teacher,services,course,father,2,4,0,yes,yes,no,no,yes,yes,yes,no,2,2,2,1,1,3,6.0,9,11,11,2008-09-13
150,GP,F,15,U,GT3,A,3,3,services,services,home,mother,1,2,0,no,no,no,no,no,yes,no,yes,1,3,2,2,3,1,24.0,9,8,9,2008-09-11
151,GP,M,16,U,GT3,T,4,4,services,services,course,mother,1,3,0,no,yes,no,yes,yes,yes,yes,no,5,3,3,1,3,5,,15,13,13,2008-09-11
152,GP,M,16,U,LE3,T,2,2,services,services,reputation,father,2,1,0,no,yes,no,yes,yes,yes,yes,no,2,3,3,2,2,2,4.0,12,11,11,2008-09-04
153,GP,F,15,U,GT3,T,4,4,teacher,services,course,mother,1,3,0,no,yes,no,yes,yes,yes,yes,no,4,2,2,1,1,5,2.0,13,13,13,2008-09-14
154,GP,F,16,U,LE3,T,1,1,at_home,at_home,course,mother,1,1,0,no,no,no,no,yes,yes,yes,no,3,4,4,3,3,1,4.0,10,11,11,2008-09-07
155,GP,M,17,U,GT3,T,2,1,other,other,home,mother,1,1,0,no,yes,no,no,yes,yes,yes,no,5,4,5,1,2,5,22.0,9,7,6,2008-09-08
156,GP,F,15,U,GT3,T,1,1,other,services,course,father,1,2,0,no,yes,no,no,yes,yes,yes,no,4,4,2,1,2,5,0.0,12,12,12,2008-09-11
157,GP,F,15,U,LE3,A,2,1,at_home,other,home,mother,2,1,0,no,yes,no,yes,yes,no,yes,yes,4,4,2,1,1,5,0.0,11,10,10,2008-09-10
158,GP,F,15,U,GT3,T,3,2,health,services,home,father,1,2,1,no,yes,no,no,yes,yes,yes,no,3,3,2,1,1,3,2.0,11,11,11,2008-09-03
159,GP,F,15,U,GT3,T,1,2,at_home,other,course,mother,1,2,0,no,yes,no,no,no,yes,yes,no,4,3,2,1,1,5,6.0,13,12,13,2008-09-05
160,GP,F,15,U,GT3,T,1,2,at_home,services,course,father,1,2,0,no,no,no,no,no,yes,no,yes,2,3,4,2,4,1,6.0,11,11,11,2008-09-06
161,GP,M,16,U,GT3,T,4,4,teacher,teacher,course,mother,1,1,0,no,yes,no,no,yes,no,yes,yes,3,3,2,2,1,5,16.0,9,9,8,2008-09-14
162,GP,M,15,U,LE3,A,2,1,services,other,course,mother,4,1,0,no,no,no,no,yes,yes,yes,no,4,5,5,2,5,5,0.0,12,11,11,2008-09-11
163,GP,M,18,U,LE3,T,1,1,other,other,course,mother,1,1,2,no,no,no,no,yes,no,yes,yes,2,3,5,2,5,4,0.0,11,9,0,2008-09-06
164,GP,M,16,U,LE3,T,2,1,at_home,other,course,mother,1,1,1,no,no,no,yes,yes,yes,no,yes,4,4,4,3,5,5,6.0,9,10,10,2008-09-11
165,GP,F,15,R,GT3,T,3,3,services,services,reputation,other,2,3,0,no,yes,yes,yes,yes,yes,yes,yes,4,2,1,2,3,3,2.0,13,13,13,2008-09-11
166,GP,M,19,U,GT3,T,3,2,services,at_home,home,mother,1,1,0,no,yes,no,no,yes,no,yes,yes,4,5,4,1,1,4,6.0,11,9,11,2008-09-06
167,GP,F,17,U,GT3,T,4,4,other,teacher,course,mother,1,1,0,yes,yes,no,no,yes,yes,no,yes,4,2,1,1,1,4,0.0,13,13,13,2008-09-06
168,GP,M,15,R,GT3,T,2,3,at_home,services,course,mother,1,2,0,yes,no,yes,yes,yes,yes,no,no,4,4,4,1,1,1,0.0,7,8,8,2008-09-13
169,GP,M,17,R,LE3,T,1,2,other,other,reputation,mother,1,1,3,no,no,no,no,yes,yes,no,no,2,2,2,3,3,5,14.0,9,8,10,2008-09-08
170,GP,F,18,R,GT3,T,1,1,at_home,other,course,mother,3,1,3,no,yes,no,yes,no,yes,no,no,5,2,5,1,5,4,6.0,11,10,11,2008-09-03
171,GP,M,16,R,GT3,T,2,2,at_home,other,course,mother,3,1,0,no,no,no,no,no,yes,no,no,4,2,2,1,2,3,4.0,12,10,11,2008-09-11
172,GP,M,16,U,GT3,T,3,3,other,services,course,father,1,2,1,no,yes,no,no,yes,yes,yes,yes,4,5,5,4,4,5,0.0,10,10,1,2008-09-09
173,GP,M,16,U,LE3,T,1,2,health,services,course,mother,2,1,2,no,no,no,no,no,yes,yes,no,4,4,5,3,5,5,0.0,9,8,10,2008-09-08
174,GP,M,17,R,LE3,T,2,1,at_home,other,course,mother,2,1,1,no,no,yes,yes,yes,no,yes,yes,3,3,2,2,2,5,8.0,8,8,9,2008-09-11
175,GP,M,17,R,GT3,T,3,2,other,other,course,mother,2,2,2,yes,yes,no,no,yes,yes,yes,yes,4,4,4,1,4,3,4.0,7,6,8,2008-09-13
176,GP,M,15,U,LE3,T,1,2,other,other,course,mother,2,1,0,no,no,no,yes,yes,yes,no,no,4,4,4,2,4,5,2.0,8,9,10,2008-09-05
177,GP,M,16,U,GT3,T,1,3,at_home,services,course,father,1,1,1,no,no,no,no,yes,no,yes,no,5,3,3,1,4,2,2.0,9,8,8,2008-09-06
178,GP,M,17,R,LE3,T,1,1,other,services,course,mother,4,2,0,no,no,no,yes,yes,no,no,yes,5,3,5,1,5,5,0.0,8,8,8,2008-09-03
179,GP,M,17,U,GT3,T,3,2,services,services,course,mother,2,1,3,no,yes,no,yes,no,no,no,no,4,5,2,1,1,2,10.0,8,7,8,2008-09-10
180,GP,M,16,U,GT3,T,2,2,other,other,course,father,1,2,0,no,no,no,no,yes,no,yes,no,4,3,5,2,4,4,0.0,9,10,11,2008-09-06
181,GP,F,16,U,GT3,T,4,2,health,services,home,father,1,2,0,no,no,no,no,yes,yes,yes,yes,4,2,3,1,1,3,0.0,17,17,18,2008-09-05
182,GP,F,16,U,GT3,T,2,2,other,other,home,mother,1,2,0,no,yes,no,no,no,yes,yes,no,5,1,5,1,1,4,0.0,12,12,13,2008-09-10
183,GP,F,16,U,GT3,T,4,4,health,health,reputation,mother,1,2,0,no,yes,no,no,yes,yes,yes,yes,4,4,2,1,1,3,0.0,16,16,17,2008-09-06
184,GP,M,16,U,GT3,T,3,4,other,other,course,father,3,1,1,no,yes,no,yes,no,yes,yes,no,3,4,5,2,4,2,4.0,9,9,10,2008-09-07
185,GP,M,16,U,GT3,T,1,0,other,other,reputation,mother,2,2,0,no,yes,no,yes,yes,yes,yes,yes,4,3,2,1,1,3,0.0,16,17,18,2008-09-07
186,GP,M,17,U,LE3,T,4,4,teacher,other,reputation,mother,1,2,0,no,yes,no,yes,yes,yes,yes,no,4,4,4,1,3,5,0.0,11,9,10,2008-09-04
187,GP,F,16,U,GT3,T,1,3,at_home,services,home,mother,1,2,0,no,no,no,yes,no,yes,yes,yes,4,3,5,1,1,3,0.0,14,13,13,2008-09-02
188,GP,F,16,U,LE3,T,3,3,other,other,reputation,mother,2,2,0,no,yes,no,yes,yes,yes,yes,no,4,4,5,1,1,4,0.0,14,14,15,2008-09-12
189,GP,M,17,U,LE3,T,4,3,,other,course,mother,2,2,0,no,no,no,yes,yes,yes,yes,no,4,4,4,4,4,4,0.0,10,11,11,2008-09-02
190,GP,F,16,U,GT3,T,2,2,,other,reputation,mother,2,2,0,no,no,no,yes,no,yes,yes,no,3,4,4,1,4,5,0.0,13,12,14,2008-09-05
191,GP,M,17,U,GT3,T,3,3,,other,reputation,father,1,2,0,no,no,no,yes,no,yes,yes,no,4,3,4,1,4,4,,11,9,10,2008-09-10
192,GP,M,16,R,GT3,T,4,2,teacher,services,other,mother,1,1,0,no,yes,no,yes,yes,yes,yes,yes,4,3,3,3,4,3,8.0,10,9,11,2008-09-02
193,GP,M,17,U,GT3,T,4,3,other,other,course,mother,1,2,0,no,yes,yes,yes,yes,yes,yes,yes,5,2,3,1,1,2,4.0,11,11,13,2008-09-10
194,GP,M,16,U,GT3,T,4,3,teacher,other,home,mother,1,2,0,no,yes,yes,yes,yes,yes,yes,no,3,4,3,2,3,3,4.0,11,10,11,2008-09-11
195,GP,M,16,U,GT3,T,3,3,services,other,home,mother,1,2,0,no,no,no,yes,yes,yes,yes,yes,4,2,3,1,2,3,0.0,11,12,13,2008-09-10
196,GP,F,17,U,GT3,T,2,4,services,services,reputation,father,1,2,0,no,yes,no,yes,yes,yes,no,no,5,4,2,2,3,5,0.0,17,18,17,2008-09-05
197,GP,F,17,U,LE3,T,3,3,other,other,reputation,mother,1,2,0,no,yes,no,yes,yes,yes,yes,yes,5,3,3,2,3,1,32.0,14,13,14,2008-09-01
198,GP,F,16,U,GT3,T,3,2,other,other,reputation,mother,1,2,0,no,yes,no,no,yes,yes,yes,no,1,2,2,1,2,1,8.0,14,15,16,2008-09-13
199,GP,M,17,U,GT3,T,3,3,services,services,other,mother,1,2,0,no,yes,no,yes,yes,yes,yes,yes,4,3,4,2,3,4,6.0,11,13,14,2008-09-05
200,GP,M,16,U,GT3,T,1,2,services,services,other,mother,1,1,0,no,yes,no,yes,yes,yes,yes,yes,3,3,3,1,2,3,0.0,10,9,11,2008-09-12
201,GP,M,16,U,LE3,T,2,1,other,other,course,mother,1,2,0,no,no,no,yes,yes,yes,yes,yes,4,2,3,1,2,5,0.0,13,14,16,2008-09-03
202,GP,F,17,U,GT3,A,3,3,health,other,reputation,mother,1,2,0,no,yes,no,no,no,yes,yes,yes,3,3,3,1,3,3,10.0,12,13,14,2008-09-03
203,GP,M,17,R,GT3,T,1,2,at_home,other,home,mother,1,2,0,no,no,no,no,yes,yes,no,no,3,1,3,1,5,3,6.0,9,9,10,2008-09-11
204,GP,F,16,U,GT3,T,2,3,services,services,course,mother,1,2,0,no,no,no,no,yes,yes,yes,no,4,3,3,1,1,2,6.0,12,12,13,2008-09-14
205,GP,F,17,U,GT3,T,1,1,at_home,services,course,mother,1,2,0,no,no,no,yes,yes,yes,yes,no,5,3,3,1,1,3,0.0,12,11,12,2008-09-13
206,GP,M,17,U,GT3,T,1,2,at_home,services,other,other,2,2,0,no,no,no,yes,no,yes,yes,no,4,4,4,4,5,5,16.0,10,11,12,2008-09-11
207,GP,M,16,R,GT3,T,3,3,,services,reputation,mother,1,1,0,no,yes,no,yes,yes,yes,yes,no,4,3,2,3,4,5,0.0,11,10,10,2008-09-04
208,GP,M,16,U,GT3,T,2,3,other,other,home,father,2,1,0,no,no,no,no,yes,yes,yes,no,5,3,3,1,1,3,0.0,13,12,12,2008-09-13
209,GP,F,17,U,LE3,T,2,4,services,services,course,father,1,2,0,no,no,no,yes,yes,yes,yes,yes,4,3,2,1,1,5,8.0,14,15,16,2008-09-10
210,GP,M,17,U,GT3,T,4,4,services,teacher,home,mother,1,1,0,no,no,no,no,yes,yes,yes,no,5,2,3,1,2,5,4.0,13,13,14,2008-09-03
211,GP,M,16,R,LE3,T,3,3,teacher,other,home,father,3,1,0,no,yes,no,yes,yes,yes,yes,no,3,3,4,3,5,3,16.0,10,11,12,2008-09-02
212,GP,F,17,U,GT3,T,4,4,services,teacher,home,mother,2,1,1,no,yes,no,no,yes,yes,yes,no,4,2,4,2,3,2,30.0,14,15,16,2008-09-13
213,GP,F,16,U,LE3,T,4,4,teacher,teacher,reputation,mother,1,2,0,no,yes,no,no,yes,yes,yes,no,4,5,2,1,2,3,0.0,11,10,11,2008-09-04
214,GP,F,16,U,GT3,T,4,3,health,other,home,mother,1,2,0,no,yes,no,yes,yes,yes,yes,no,4,3,5,1,5,2,2.0,14,14,15,2008-09-11
215,GP,F,16,U,GT3,T,2,3,other,other,reputation,mother,1,2,0,yes,yes,no,yes,yes,yes,no,no,4,4,3,1,3,4,4.0,11,12,12,2008-09-02
216,GP,F,17,U,GT3,T,1,1,other,other,course,mother,1,2,0,no,yes,no,no,no,yes,no,no,4,4,4,1,3,1,0.0,14,15,15,2008-09-04
217,GP,F,17,R,GT3,T,2,2,other,other,reputation,mother,1,1,0,no,yes,no,no,yes,yes,yes,no,5,3,2,1,2,3,21.0,13,13,13,2008-09-04
218,GP,F,16,R,GT3,T,2,2,services,services,reputation,mother,2,4,0,no,yes,no,yes,no,yes,yes,no,5,3,5,1,1,5,,13,13,13,2008-09-04
219,GP,F,17,U,GT3,T,3,4,at_home,services,home,mother,1,3,1,no,yes,yes,no,yes,yes,yes,yes,4,4,3,3,4,5,,8,9,8,2008-09-10
220,GP,F,16,U,GT3,A,3,1,services,other,course,mother,1,2,0,no,yes,no,no,yes,yes,yes,no,2,3,3,2,2,4,2.0,11,11,12,2008-09-13
221,GP,F,16,U,GT3,T,4,3,teacher,other,other,mother,1,2,0,no,no,no,yes,yes,yes,yes,yes,1,3,2,1,1,1,4.0,14,15,15,2008-09-13
222,GP,F,16,U,GT3,T,1,1,at_home,other,home,mother,2,1,0,no,yes,no,no,yes,yes,no,no,4,3,2,1,4,5,2.0,12,13,13,2008-09-11
223,GP,F,17,R,GT3,T,4,3,,other,reputation,mother,2,3,0,no,yes,no,yes,yes,yes,yes,yes,4,4,2,1,1,4,0.0,11,12,12,2008-09-03
224,GP,F,19,U,GT3,T,3,3,other,other,reputation,other,1,4,0,no,yes,no,yes,yes,yes,yes,no,4,3,3,1,2,3,4.0,12,12,12,2008-09-14
225,GP,M,17,U,LE3,T,4,4,services,other,home,mother,1,2,0,no,yes,no,no,yes,yes,yes,yes,5,3,5,4,5,3,15.0,13,12,12,2008-09-08
226,GP,F,16,U,GT3,A,2,2,other,other,reputation,mother,1,2,0,yes,yes,no,no,yes,yes,yes,no,3,3,4,1,1,4,0.0,13,13,13,2008-09-08
227,GP,M,18,U,GT3,T,2,2,services,other,home,mother,1,2,0,no,yes,no,yes,yes,yes,yes,no,4,4,4,2,4,5,10.0,12,11,11,2008-09-10
228,GP,F,17,R,LE3,T,4,4,services,other,other,mother,1,1,0,no,yes,no,no,yes,yes,no,no,5,2,1,1,2,3,6.0,12,11,11,2008-09-11
229,GP,F,17,U,LE3,T,3,2,other,other,reputation,mother,2,2,0,no,no,no,no,yes,yes,yes,no,4,4,4,1,3,1,2.0,14,16,15,2008-09-14
230,GP,F,17,U,GT3,T,4,3,other,other,reputation,mother,1,2,0,no,no,no,no,yes,yes,yes,yes,3,4,5,2,4,1,16.0,11,9,10,2008-09-09
231,GP,M,18,U,LE3,T,3,3,services,health,home,father,1,2,0,no,yes,no,no,yes,yes,yes,no,3,2,4,2,4,4,,10,10,10,2008-09-09
232,GP,F,17,U,GT3,T,2,3,at_home,other,home,father,2,1,0,no,yes,no,no,yes,yes,no,no,3,3,3,1,4,3,4.0,12,13,13,2008-09-11
233,GP,F,17,U,GT3,T,2,2,at_home,at_home,course,mother,1,3,0,no,yes,no,yes,yes,yes,yes,no,4,3,3,1,1,4,0.0,12,12,13,2008-09-04
234,GP,F,17,R,GT3,T,2,1,at_home,services,reputation,mother,2,2,0,no,yes,no,yes,yes,yes,yes,no,4,2,5,1,2,5,0.0,11,10,11,2008-09-05
235,GP,F,17,U,GT3,T,1,1,at_home,other,reputation,mother,1,3,0,no,yes,no,yes,yes,yes,no,yes,4,3,4,1,1,5,12.0,12,12,12,2008-09-09
236,GP,F,16,U,GT3,T,2,3,services,teacher,other,mother,1,2,0,yes,no,no,no,yes,yes,yes,no,2,3,1,1,1,3,,13,13,14,2008-09-01
237,GP,M,18,U,GT3,T,2,2,other,other,home,mother,2,2,3,no,yes,yes,no,yes,yes,yes,no,3,3,3,5,5,4,9.0,10,9,10,2008-09-05
238,GP,F,16,U,GT3,T,4,4,teacher,services,home,mother,1,3,0,no,yes,no,yes,no,yes,yes,no,5,3,2,1,1,5,4.0,15,16,16,2008-09-11
239,GP,F,18,R,GT3,T,3,1,other,other,reputation,mother,1,2,0,no,no,no,yes,yes,yes,yes,yes,5,3,3,1,1,4,4.0,8,8,8,2008-09-14
240,GP,F,17,U,GT3,T,3,2,other,other,course,mother,1,2,0,no,no,no,yes,no,yes,yes,no,5,3,4,1,3,3,2.0,17,18,17,2008-09-08
241,GP,M,17,U,LE3,T,2,3,services,services,reputation,father,1,2,0,no,yes,no,no,no,yes,yes,no,5,3,3,1,3,3,,10,11,11,2008-09-06
242,GP,M,18,U,LE3,T,2,1,at_home,other,course,mother,4,2,0,yes,yes,no,yes,yes,yes,yes,yes,4,3,2,4,5,3,2.0,9,10,11,2008-09-07
243,GP,F,17,U,GT3,A,2,1,other,other,course,mother,2,3,0,no,no,no,yes,yes,yes,yes,yes,3,2,3,1,2,3,0.0,15,15,16,2008-09-10
244,GP,F,17,U,LE3,T,4,3,health,other,reputation,father,1,2,0,no,no,no,yes,yes,yes,yes,yes,3,2,3,1,2,3,0.0,14,12,12,2008-09-08
245,GP,M,17,R,GT3,T,2,2,other,other,course,father,2,2,0,no,yes,no,yes,yes,yes,yes,no,4,5,2,1,1,1,0.0,12,13,13,2008-09-01
246,GP,M,17,U,GT3,T,4,4,teacher,teacher,reputation,mother,1,2,0,yes,yes,no,yes,yes,yes,yes,yes,4,5,5,1,3,2,0.0,13,13,13,2008-09-08
247,GP,M,16,U,GT3,T,4,4,health,other,reputation,father,1,2,0,no,yes,no,yes,yes,yes,yes,no,4,2,4,2,4,1,0.0,13,13,14,2008-09-06
248,GP,M,16,U,LE3,T,1,1,other,other,home,mother,2,2,0,no,yes,no,no,yes,yes,yes,no,3,4,2,1,1,5,2.0,9,9,9,2008-09-10
249,GP,M,16,U,GT3,T,3,2,at_home,other,reputation,mother,2,3,0,no,no,no,yes,yes,yes,yes,yes,5,3,3,1,3,2,0.0,12,12,12,2008-09-13
250,GP,M,17,U,LE3,T,2,2,other,other,home,father,1,2,0,no,no,no,yes,no,yes,yes,yes,4,4,2,5,5,4,0.0,16,16,16,2008-09-14
251,GP,F,16,U,GT3,T,2,1,other,other,home,mother,1,1,0,no,no,no,no,yes,yes,yes,yes,4,5,2,1,1,5,4.0,9,10,10,2008-09-09
252,GP,F,16,U,GT3,A,4,1,other,other,home,mother,1,2,0,no,no,no,yes,yes,yes,yes,yes,5,3,3,1,2,5,0.0,14,13,13,2008-09-06
253,GP,F,18,U,LE3,A,2,4,services,other,course,mother,2,2,1,no,yes,no,no,yes,yes,yes,no,4,3,3,1,1,3,18.0,10,10,10,2008-09-07
254,GP,F,18,U,LE3,T,2,2,at_home,services,course,mother,1,2,1,no,yes,no,no,no,yes,yes,yes,5,3,1,1,1,5,16.0,9,8,10,2008-09-03
255,GP,F,18,U,GT3,T,3,3,other,other,course,mother,2,1,1,no,no,no,no,yes,no,yes,no,4,1,1,1,1,3,14.0,8,7,7,2008-09-14
256,GP,M,18,U,GT3,T,2,2,other,at_home,course,other,1,1,1,no,yes,no,yes,no,no,yes,yes,4,4,3,2,2,1,26.0,7,8,8,2008-09-12
257,GP,M,17,U,GT3,T,4,4,teacher,teacher,course,mother,1,1,0,no,yes,no,yes,no,yes,yes,no,4,2,1,1,2,5,6.0,10,8,9,2008-09-12
258,GP,F,17,U,GT3,T,3,2,other,other,course,father,1,2,0,no,no,no,yes,yes,yes,no,no,5,4,2,1,1,3,4.0,14,14,15,2008-09-05
259,GP,F,17,U,LE3,T,1,1,,at_home,course,mother,1,3,0,no,yes,no,yes,yes,yes,yes,yes,4,3,2,1,2,4,10.0,11,10,10,2008-09-05
260,GP,F,16,U,GT3,T,1,2,other,other,course,mother,1,1,0,no,no,no,no,yes,no,yes,no,5,3,5,1,2,5,4.0,12,11,11,2008-09-12
261,GP,F,17,R,GT3,T,2,1,at_home,services,course,mother,3,2,0,no,no,no,yes,yes,yes,no,no,2,1,1,1,1,3,2.0,13,13,13,2008-09-08
262,GP,F,17,R,LE3,A,1,4,other,other,course,other,4,1,1,no,yes,no,no,yes,yes,yes,no,5,5,4,1,1,5,14.0,9,9,8,2008-09-10
263,GP,M,18,U,GT3,T,2,2,other,services,reputation,father,1,2,0,no,no,no,no,yes,no,yes,no,5,5,4,3,5,2,16.0,8,7,8,2008-09-07
264,GP,F,17,U,LE3,A,2,2,,other,home,mother,1,1,1,no,yes,no,no,no,no,yes,no,3,1,2,1,1,1,8.0,11,9,10,2008-09-07
265,GP,F,17,R,LE3,T,1,1,at_home,other,course,mother,2,3,0,no,no,no,yes,yes,yes,yes,no,4,3,3,1,3,5,4.0,15,14,15,2008-09-09
266,GP,F,17,U,LE3,A,4,2,teacher,other,course,mother,1,2,0,no,yes,no,yes,yes,yes,no,no,4,3,2,1,1,4,4.0,15,14,14,2008-09-12
267,GP,M,17,U,LE3,T,4,3,health,other,course,mother,2,2,0,no,no,no,yes,yes,yes,yes,yes,2,5,5,1,4,5,8.0,15,15,15,2008-09-05
268,GP,M,17,R,LE3,A,4,4,teacher,other,course,mother,2,2,0,no,yes,no,no,yes,yes,yes,no,3,3,3,2,3,4,0.0,12,12,12,2008-09-12
269,GP,M,16,U,LE3,T,4,3,teacher,other,course,mother,1,1,0,no,no,no,yes,no,yes,yes,no,5,4,5,1,1,3,7.0,14,14,15,2008-09-04
270,GP,M,16,U,GT3,T,4,4,services,services,course,mother,1,1,0,no,no,yes,yes,yes,yes,yes,no,5,3,2,1,2,5,4.0,14,15,15,2008-09-06
271,GP,F,17,U,GT3,T,4,4,teacher,services,course,mother,1,2,0,no,yes,yes,no,yes,yes,yes,yes,5,3,1,1,4,5,2.0,11,11,12,2008-09-13
272,GP,M,17,R,GT3,T,1,1,other,other,home,father,2,3,0,no,no,no,no,no,yes,yes,yes,4,3,3,1,1,1,2.0,13,14,15,2008-09-14
273,GP,F,17,U,GT3,T,3,3,services,other,home,mother,2,3,0,no,yes,no,no,yes,yes,yes,yes,4,2,2,2,3,5,10.0,11,11,11,2008-09-13
274,GP,F,17,U,GT3,T,1,1,at_home,other,course,mother,1,2,0,yes,no,no,no,no,yes,no,yes,4,3,2,1,1,4,10.0,10,9,10,2008-09-05
275,GP,F,18,U,GT3,T,2,1,other,other,course,other,2,3,0,no,yes,no,no,no,yes,yes,yes,4,4,4,1,1,3,10.0,12,10,11,2008-09-12
276,GP,M,16,U,GT3,T,2,1,other,other,course,mother,3,1,0,no,no,no,no,yes,yes,yes,no,4,3,3,1,1,4,7.0,15,16,16,2008-09-14
277,GP,F,17,U,GT3,T,1,1,other,services,course,father,1,2,0,no,yes,no,no,yes,yes,no,no,4,3,4,1,2,5,4.0,11,10,11,2008-09-14
278,GP,M,17,U,GT3,T,2,3,other,other,course,father,2,1,0,no,no,no,no,yes,yes,yes,no,5,2,2,1,1,2,2.0,9,12,13,2008-09-01
279,GP,M,22,U,GT3,T,3,1,services,services,other,mother,1,1,3,no,no,no,no,no,no,yes,yes,5,4,5,5,5,1,12.0,7,8,5,2008-09-11
280,GP,M,18,R,LE3,T,3,3,other,services,course,mother,1,2,0,no,yes,no,no,yes,yes,yes,yes,4,3,3,1,3,5,8.0,10,9,10,2008-09-14
281,GP,M,16,U,GT3,T,0,2,other,other,other,mother,1,1,0,no,no,no,no,no,yes,yes,no,4,3,2,2,4,5,,11,12,11,2008-09-11
282,GP,M,18,U,GT3,T,3,2,services,other,course,mother,2,1,0,no,no,no,no,yes,no,yes,no,4,4,5,2,4,5,8.0,7,8,7,2008-09-04
283,GP,M,16,U,GT3,T,3,3,at_home,other,reputation,other,3,2,1,yes,yes,no,no,no,yes,yes,no,5,3,3,1,3,2,4.0,9,11,10,2008-09-11
284,GP,M,18,U,GT3,T,2,1,services,services,other,mother,1,1,2,no,no,no,no,no,no,yes,no,3,2,5,2,5,5,4.0,7,8,6,2008-09-02
285,GP,M,16,R,GT3,T,2,1,other,other,course,mother,2,1,0,no,no,no,yes,no,yes,no,no,3,3,2,1,3,3,2.0,14,13,12,2008-09-07
286,GP,M,17,R,GT3,T,2,1,,other,course,mother,1,1,0,no,no,no,no,no,yes,yes,no,4,4,2,2,4,5,,12,12,13,2008-09-09
287,GP,M,17,U,LE3,T,1,1,health,other,course,mother,2,1,1,no,yes,no,yes,yes,yes,yes,no,4,4,4,1,2,5,0.0,9,10,10,2008-09-07
288,GP,F,18,U,LE3,A,2,1,other,other,course,mother,1,2,0,no,yes,no,no,no,yes,yes,yes,4,3,4,1,3,5,2.0,12,12,13,2008-09-10
289,GP,F,17,U,LE3,T,4,2,teacher,services,reputation,mother,1,4,0,no,yes,no,yes,yes,yes,yes,no,4,2,3,1,1,4,2.0,14,15,17,2008-09-04
290,GP,F,19,U,GT3,T,2,2,services,services,home,mother,1,2,0,no,yes,no,no,yes,yes,yes,no,4,3,3,1,1,5,0.0,10,10,11,2008-09-09
291,GP,M,18,U,LE3,T,2,1,services,other,course,mother,3,2,1,no,no,no,yes,no,no,yes,no,4,4,5,4,4,5,4.0,11,10,11,2008-09-10
292,GP,F,17,R,GT3,T,4,2,other,other,course,mother,1,3,0,no,yes,no,yes,yes,yes,yes,no,4,3,4,1,3,5,2.0,11,12,14,2008-09-09
293,GP,F,18,U,LE3,T,1,1,other,at_home,home,mother,1,3,0,no,yes,no,no,no,yes,no,no,4,4,3,2,3,3,4.0,11,12,14,2008-09-05
294,GP,F,18,R,GT3,T,2,2,other,other,home,mother,1,2,0,yes,no,no,no,yes,yes,no,no,3,2,3,1,1,5,4.0,11,11,13,2008-09-05
295,GP,M,19,U,LE3,A,4,3,services,at_home,reputation,mother,1,2,0,no,yes,no,no,yes,yes,yes,no,4,3,1,1,1,1,4.0,11,13,14,2008-09-04
296,GP,M,18,U,GT3,T,2,1,other,other,home,mother,1,2,0,no,no,no,yes,yes,yes,yes,no,5,2,4,1,2,4,2.0,16,16,16,2008-09-07
297,GP,M,17,R,GT3,T,2,2,other,services,other,mother,2,1,0,no,no,no,no,no,no,no,no,5,2,2,1,1,4,0.0,9,10,10,2008-09-09
298,GP,F,17,U,LE3,T,2,2,services,services,course,father,1,4,0,no,no,no,yes,yes,yes,yes,yes,3,4,1,1,1,2,2.0,10,11,12,2008-09-06
299,GP,F,20,R,GT3,T,2,1,other,other,course,other,2,2,0,no,yes,yes,yes,yes,no,yes,yes,1,2,3,1,2,2,8.0,10,12,12,2008-09-06
300,GP,F,18,U,GT3,T,4,3,services,other,home,father,1,2,0,no,yes,no,no,yes,yes,yes,yes,3,1,2,1,3,2,2.0,15,15,15,2008-09-05
301,GP,M,18,U,GT3,T,4,3,teacher,other,course,mother,1,2,0,no,yes,no,no,no,yes,yes,no,4,3,2,1,1,3,2.0,10,10,11,2008-09-04
302,GP,M,18,R,GT3,T,3,2,other,other,course,mother,1,3,0,no,no,no,yes,no,yes,no,no,5,3,2,1,1,3,2.0,10,11,12,2008-09-10
303,GP,F,17,U,GT3,T,3,3,other,other,home,mother,1,3,0,no,no,no,yes,no,yes,no,no,3,2,3,1,1,4,2.0,15,12,13,2008-09-12
304,GP,F,18,U,GT3,T,2,2,at_home,services,home,mother,1,3,0,no,yes,no,yes,yes,yes,yes,yes,4,3,3,1,1,3,0.0,11,12,13,2008-09-05
305,GP,M,17,U,GT3,T,2,2,other,other,home,father,2,1,0,no,no,no,no,yes,no,yes,no,4,4,4,2,3,4,8.0,8,8,9,2008-09-13
306,GP,M,18,R,LE3,A,3,4,other,other,reputation,mother,2,2,0,no,yes,no,yes,yes,yes,yes,no,4,2,5,3,4,1,6.0,15,16,16,2008-09-08
307,GP,M,17,U,GT3,T,3,1,services,other,other,mother,1,2,0,no,no,no,yes,yes,yes,yes,yes,5,4,4,3,4,5,0.0,11,11,14,2008-09-03
308,GP,F,18,R,GT3,T,4,4,teacher,other,reputation,mother,2,2,0,no,no,no,yes,yes,yes,yes,no,4,3,4,2,2,4,8.0,10,11,12,2008-09-06
309,GP,M,18,U,GT3,T,4,2,,other,reputation,father,1,2,0,no,yes,no,yes,yes,yes,yes,yes,5,4,5,1,3,5,4.0,10,12,14,2008-09-01
310,GP,F,18,R,GT3,T,2,1,other,other,reputation,mother,2,2,0,no,yes,no,no,yes,no,yes,yes,4,3,5,1,2,3,12.0,8,9,10,2008-09-01
311,GP,F,19,U,GT3,T,3,3,other,services,home,other,1,2,0,no,yes,no,yes,yes,yes,yes,no,4,3,5,3,3,5,16.0,11,12,12,2008-09-05
312,GP,F,18,U,GT3,T,2,3,other,services,reputation,father,1,4,0,no,yes,no,yes,yes,yes,yes,yes,4,5,5,1,3,2,,16,16,16,2008-09-07
313,GP,F,18,U,LE3,T,1,1,other,other,home,mother,2,2,0,no,yes,no,no,no,yes,no,no,4,4,3,1,1,3,,13,13,13,2008-09-12
314,GP,M,17,R,GT3,T,1,2,at_home,at_home,home,mother,1,2,0,no,yes,no,yes,no,yes,no,yes,3,5,2,2,2,1,2.0,16,17,18,2008-09-02
315,GP,F,18,U,GT3,T,2,1,other,other,home,mother,1,2,0,no,yes,no,no,yes,yes,yes,yes,4,2,5,1,2,1,8.0,14,14,15,2008-09-12
316,GP,F,17,U,GT3,T,2,4,at_home,health,reputation,mother,2,2,0,no,yes,no,no,yes,yes,yes,yes,4,3,3,1,1,1,6.0,15,16,16,2008-09-04
317,GP,F,17,U,LE3,T,2,2,services,other,course,mother,2,2,0,yes,yes,no,no,yes,yes,yes,yes,4,4,4,2,3,5,6.0,12,12,12,2008-09-02
318,GP,F,18,R,GT3,A,3,2,other,services,home,mother,2,2,0,no,no,no,no,no,no,yes,yes,4,1,1,1,1,5,15.0,12,9,10,2008-09-10
319,GP,M,18,U,GT3,T,4,4,teacher,services,home,mother,2,1,0,no,no,no,yes,yes,yes,yes,no,3,2,4,1,4,3,6.0,11,12,12,2008-09-11
320,GP,F,18,U,GT3,T,4,4,health,health,reputation,father,1,2,1,yes,yes,no,yes,yes,yes,yes,yes,2,4,4,1,1,4,,14,12,13,2008-09-09
321,GP,F,17,U,GT3,T,2,2,other,services,reputation,father,3,3,0,no,yes,no,no,yes,yes,yes,yes,4,2,3,1,1,1,8.0,13,15,15,2008-09-02
322,GP,F,19,R,GT3,T,3,2,services,services,reputation,father,1,2,1,yes,yes,no,no,yes,no,yes,no,3,3,3,4,3,3,0.0,9,8,10,2008-09-02
323,GP,M,18,U,LE3,T,4,3,teacher,services,course,mother,2,1,0,no,no,no,yes,yes,yes,yes,no,4,2,3,1,2,1,0.0,10,10,10,2008-09-06
324,GP,M,18,U,GT3,T,1,2,at_home,other,home,other,2,1,0,no,no,no,no,no,no,yes,no,3,4,4,2,4,4,10.0,10,10,11,2008-09-07
325,GP,M,17,U,LE3,A,4,1,services,other,home,mother,2,1,0,no,no,no,yes,yes,yes,yes,yes,4,5,4,2,4,5,22.0,11,11,10,2008-09-14
326,GP,M,17,U,LE3,A,3,2,teacher,services,home,mother,1,1,0,no,no,no,no,yes,yes,yes,no,4,4,4,3,4,3,18.0,13,13,13,2008-09-05
327,GP,F,18,R,LE3,T,1,1,at_home,other,reputation,mother,2,4,0,no,yes,no,yes,yes,yes,no,no,5,2,2,1,1,3,2.0,17,17,18,2008-09-03
328,GP,F,18,U,GT3,T,1,1,other,other,home,mother,2,2,0,yes,no,no,yes,yes,yes,yes,no,5,4,4,1,1,4,0.0,12,13,13,2008-09-14
329,GP,F,17,U,GT3,T,2,2,other,other,course,mother,1,2,0,no,yes,no,no,no,yes,yes,no,5,4,5,1,2,5,12.0,12,12,14,2008-09-03
330,GP,F,18,U,GT3,T,2,1,other,other,reputation,mother,2,2,0,no,no,no,yes,yes,yes,yes,yes,4,3,1,1,1,5,10.0,12,13,14,2008-09-01
331,GP,M,17,U,GT3,T,1,1,other,other,reputation,father,1,2,0,no,no,no,no,no,yes,yes,no,4,3,3,1,2,4,0.0,12,12,12,2008-09-06
332,GP,F,18,U,GT3,T,2,2,at_home,at_home,other,mother,1,3,0,no,yes,no,no,yes,yes,yes,no,4,3,3,1,2,2,0.0,18,18,18,2008-09-06
333,GP,F,17,U,GT3,T,1,1,services,teacher,reputation,mother,1,3,0,no,yes,no,no,yes,yes,yes,no,4,3,3,1,1,3,0.0,13,13,14,2008-09-09
334,GP,M,18,U,GT3,T,2,1,services,services,reputation,mother,1,3,0,no,no,no,yes,yes,yes,yes,no,4,2,4,1,3,2,0.0,14,15,15,2008-09-13
335,GP,M,18,U,LE3,A,4,4,teacher,teacher,reputation,mother,1,2,0,no,yes,no,yes,yes,yes,yes,no,5,4,3,1,1,2,0.0,17,17,17,2008-09-14
336,GP,M,18,U,GT3,T,4,2,teacher,other,home,mother,1,2,0,no,yes,no,yes,yes,yes,yes,yes,4,3,2,1,4,5,2.0,15,16,16,2008-09-05
337,GP,F,17,U,GT3,T,4,3,health,services,reputation,mother,1,3,0,no,yes,no,no,yes,yes,yes,no,4,2,2,1,2,3,0.0,17,18,18,2008-09-14
338,GP,F,17,R,LE3,T,3,1,services,other,reputation,mother,2,4,0,no,yes,no,no,yes,yes,no,no,3,1,2,1,1,3,0.0,18,19,19,2008-09-09
339,GP,M,18,R,LE3,T,3,2,services,other,reputation,mother,2,3,0,no,yes,no,yes,yes,yes,yes,no,5,4,2,1,1,4,0.0,14,15,15,2008-09-01
340,GP,M,17,U,GT3,T,3,3,health,other,home,mother,1,1,0,no,yes,no,no,yes,yes,yes,no,4,4,3,1,3,5,0.0,14,15,15,2008-09-14
341,GP,F,19,U,GT3,T,4,4,health,other,reputation,other,2,2,0,no,yes,no,yes,yes,yes,yes,no,2,3,4,2,3,2,2.0,14,13,13,2008-09-02
342,GP,F,18,U,LE3,T,4,3,other,other,home,other,2,2,0,no,yes,no,no,yes,yes,yes,yes,4,4,5,1,2,2,0.0,13,14,14,2008-09-09
343,GP,F,18,U,GT3,T,4,3,other,other,reputation,father,1,4,0,no,yes,no,no,yes,yes,yes,no,4,3,3,1,1,3,0.0,16,17,17,2008-09-12
344,GP,M,18,U,LE3,T,4,4,teacher,teacher,home,mother,1,1,0,no,yes,no,no,yes,yes,yes,yes,1,4,2,2,2,1,0.0,18,18,17,2008-09-04
345,GP,F,18,U,LE3,A,4,4,health,other,home,mother,1,2,0,no,yes,yes,no,yes,yes,yes,yes,4,2,4,1,1,4,0.0,14,15,15,2008-09-04
346,GP,M,17,U,LE3,T,4,4,other,teacher,home,father,2,1,0,no,no,no,no,yes,yes,yes,no,4,1,1,2,2,5,0.0,12,13,13,2008-09-07
347,GP,F,17,R,GT3,T,4,4,services,services,reputation,mother,2,3,0,no,yes,no,yes,yes,yes,yes,no,5,3,4,1,1,5,0.0,7,7,8,2008-09-13
348,GP,F,17,U,GT3,T,4,2,other,other,reputation,mother,2,3,0,no,yes,no,no,yes,yes,yes,no,4,3,3,1,1,3,0.0,16,16,16,2008-09-04
349,GP,F,17,U,GT3,T,3,2,health,health,reputation,father,1,4,0,no,yes,no,yes,no,yes,yes,no,5,2,2,1,2,5,0.0,18,18,18,2008-09-10
350,GP,M,19,R,LE3,T,2,1,at_home,services,course,mother,2,3,1,no,no,no,yes,yes,yes,yes,yes,4,3,1,1,1,5,0.0,9,10,11,2008-09-07
351,GP,M,20,U,GT3,A,3,2,services,other,course,other,1,1,2,no,no,no,yes,yes,yes,no,no,5,5,3,1,1,5,0.0,14,15,15,2008-09-02
352,GP,M,19,R,GT3,T,3,3,other,services,reputation,father,1,2,0,no,no,no,yes,yes,yes,no,yes,4,5,3,1,2,5,0.0,10,10,11,2008-09-10
353,GP,F,18,U,GT3,T,1,4,other,teacher,home,mother,1,2,0,yes,yes,no,no,no,yes,no,yes,3,4,4,1,2,5,2.0,10,10,11,2008-09-12
354,GP,F,18,U,GT3,T,2,1,services,other,course,mother,2,2,0,no,yes,no,yes,yes,yes,yes,no,5,3,3,1,2,1,2.0,12,12,15,2008-09-09
355,GP,F,17,U,GT3,T,2,3,other,other,course,father,2,2,0,no,no,no,yes,yes,yes,yes,yes,4,2,1,1,1,3,2.0,11,12,14,2008-09-03
356,GP,F,17,R,GT3,T,4,4,teacher,teacher,course,mother,1,1,0,no,no,no,yes,yes,yes,yes,no,4,4,4,1,1,5,2.0,15,16,17,2008-09-03
357,GP,F,18,U,GT3,T,4,3,other,other,course,mother,1,3,0,no,yes,no,yes,yes,yes,yes,yes,4,3,4,1,1,5,2.0,14,15,17,2008-09-06
358,GP,F,18,U,LE3,T,4,3,health,services,course,mother,2,1,0,no,yes,no,no,yes,yes,yes,no,3,2,4,1,4,1,8.0,12,12,15,2008-09-08
359,GP,F,17,R,GT3,T,3,4,at_home,services,course,father,1,3,0,no,yes,no,yes,no,yes,yes,no,4,3,4,2,5,5,2.0,15,15,17,2008-09-08
360,GP,F,18,U,GT3,T,3,3,,other,course,father,1,2,0,no,yes,no,no,yes,yes,yes,no,4,1,4,1,1,3,8.0,11,12,14,2008-09-04
361,GP,M,19,U,GT3,T,4,2,health,other,course,mother,2,2,0,no,yes,no,yes,yes,yes,yes,yes,5,4,4,1,1,1,9.0,11,10,10,2008-09-08
362,GP,F,18,U,GT3,T,4,4,teacher,other,course,mother,1,2,0,no,yes,no,no,yes,yes,yes,no,4,4,4,3,3,5,0.0,12,11,13,2008-09-05
363,GP,F,18,U,GT3,T,3,4,other,other,course,mother,1,1,0,no,yes,no,yes,yes,yes,yes,yes,5,4,4,1,1,1,4.0,11,12,14,2008-09-10
364,GP,F,17,U,GT3,T,4,4,health,health,course,mother,1,1,0,no,no,no,yes,yes,yes,yes,no,5,3,4,1,2,5,2.0,14,15,17,2008-09-12
365,GP,F,17,U,GT3,A,4,3,services,services,course,mother,1,2,0,no,yes,no,no,yes,yes,yes,yes,5,2,2,1,2,5,14.0,15,14,17,2008-09-10
366,GP,F,17,U,LE3,A,3,3,services,other,home,mother,1,2,0,yes,yes,no,no,yes,yes,yes,no,5,3,3,1,1,5,0.0,12,12,13,2008-09-01
367,GP,F,17,U,LE3,T,2,1,other,other,home,father,1,2,0,no,no,no,yes,yes,yes,yes,no,4,2,3,2,2,2,2.0,11,12,14,2008-09-14
368,GP,M,18,U,LE3,T,4,4,other,other,reputation,father,1,1,0,no,yes,no,no,yes,yes,yes,no,4,2,5,3,4,5,2.0,8,9,11,2008-09-01
369,GP,F,19,U,GT3,T,1,1,other,other,course,other,3,3,0,no,no,no,yes,yes,no,no,yes,1,5,5,4,3,5,12.0,10,10,11,2008-09-14
370,GP,F,19,U,LE3,A,1,1,other,other,course,other,3,2,2,no,yes,no,no,no,yes,yes,yes,5,3,4,1,1,4,2.0,8,8,9,2008-09-01
371,GP,F,18,U,GT3,T,2,2,other,other,course,mother,1,1,0,no,yes,no,yes,yes,yes,yes,yes,4,3,5,2,4,5,2.0,10,10,10,2008-09-08
372,GP,F,17,U,GT3,T,2,2,,other,course,mother,1,2,0,no,yes,no,no,yes,yes,no,yes,4,2,2,1,1,3,4.0,14,13,13,2008-09-02
373,GP,F,17,R,LE3,T,2,2,,services,course,mother,1,3,0,no,yes,no,yes,yes,yes,yes,no,3,3,2,2,2,3,0.0,11,11,10,2008-09-02
374,GP,F,17,U,GT3,T,3,1,services,services,course,father,1,3,0,no,yes,no,no,no,yes,yes,no,3,4,3,2,3,5,0.0,17,18,17,2008-09-10
375,GP,F,17,U,LE3,T,0,2,at_home,at_home,home,father,2,3,0,no,no,no,no,yes,yes,yes,no,3,3,3,2,3,2,0.0,14,14,15,2008-09-11
376,GP,F,18,U,GT3,T,1,1,other,other,home,mother,2,3,0,no,no,no,yes,yes,yes,yes,no,4,5,5,1,2,2,0.0,14,14,14,2008-09-02
377,GP,M,18,U,GT3,T,4,4,other,other,course,mother,1,3,0,no,no,no,yes,yes,yes,yes,no,4,3,3,2,2,3,0.0,13,14,13,2008-09-14
378,GP,M,17,U,GT3,T,3,3,other,services,reputation,mother,1,1,0,no,no,no,yes,no,yes,yes,no,4,3,5,3,5,5,0.0,17,18,17,2008-09-05
379,GP,M,17,R,GT3,T,2,2,services,other,course,mother,4,1,0,no,yes,no,no,yes,yes,yes,no,4,4,5,5,5,4,2.0,11,10,10,2008-09-05
380,GP,F,17,U,GT3,T,4,4,teacher,services,course,mother,1,3,0,no,yes,no,yes,yes,yes,yes,no,5,4,4,1,3,4,0.0,13,12,13,2008-09-05
381,GP,F,17,U,GT3,T,4,4,,teacher,course,mother,2,3,0,no,yes,no,no,no,yes,yes,yes,4,3,3,1,2,4,4.0,15,14,15,2008-09-07
382,GP,F,17,U,GT3,T,3,3,at_home,other,course,mother,1,1,0,no,yes,yes,yes,yes,yes,yes,no,4,2,5,2,5,5,2.0,11,12,11,2008-09-03
383,GP,M,18,U,LE3,T,2,2,other,other,course,mother,1,4,0,no,yes,yes,yes,yes,yes,yes,no,4,5,5,2,4,5,0.0,11,11,12,2008-09-06
384,GP,M,19,R,GT3,T,3,2,at_home,services,home,other,1,1,0,no,yes,no,no,no,yes,no,yes,5,3,4,2,2,5,0.0,11,10,10,2008-09-03
385,GP,F,18,U,GT3,T,2,2,,other,course,mother,4,2,0,no,no,no,yes,yes,yes,no,yes,4,2,5,1,1,2,2.0,10,9,10,2008-09-01
386,GP,F,17,R,GT3,T,2,4,at_home,other,course,father,1,3,0,no,yes,no,no,yes,yes,yes,yes,4,4,3,1,1,5,0.0,15,15,15,2008-09-06
387,GP,M,18,U,GT3,T,2,2,other,other,reputation,mother,1,1,0,no,no,no,no,no,yes,yes,no,5,4,2,1,2,5,,15,14,15,2008-09-10
388,GP,F,18,U,GT3,T,3,3,services,services,home,mother,1,2,0,no,no,no,yes,yes,yes,yes,no,5,3,4,1,1,4,8.0,10,11,12,2008-09-11
389,GP,F,18,U,LE3,T,2,2,,other,home,other,1,2,0,no,no,no,yes,no,yes,yes,yes,4,3,3,1,1,2,0.0,10,9,12,2008-09-05
390,GP,F,18,R,GT3,T,2,2,at_home,other,course,mother,2,4,0,no,no,no,yes,yes,yes,no,no,4,4,4,1,1,4,6.0,14,13,14,2008-09-05
391,GP,F,17,U,GT3,T,3,4,services,other,course,mother,1,3,0,no,no,no,no,yes,yes,yes,no,4,4,5,1,3,5,8.0,11,13,14,2008-09-12
392,GP,F,17,U,GT3,T,3,2,other,other,home,mother,1,2,0,no,yes,no,no,yes,yes,yes,yes,4,3,2,2,3,2,0.0,12,13,15,2008-09-10
393,GP,F,18,U,LE3,T,3,3,services,services,home,mother,1,4,0,no,yes,no,no,yes,yes,yes,no,5,3,3,1,1,1,4.0,14,14,15,2008-09-12
394,GP,F,17,R,GT3,A,3,2,,other,home,mother,1,2,0,no,yes,no,no,yes,yes,yes,no,4,3,3,2,3,2,0.0,14,14,16,2008-09-13
395,GP,M,18,U,GT3,T,4,4,teacher,services,home,father,1,2,0,no,yes,no,yes,yes,yes,yes,no,4,3,3,2,2,2,0.0,12,12,13,2008-09-12
396,GP,M,18,U,LE3,T,3,4,services,other,home,mother,1,2,0,no,no,no,yes,yes,yes,yes,yes,4,3,3,1,3,5,6.0,16,16,17,2008-09-14
397,GP,F,17,U,GT3,A,2,2,at_home,at_home,home,father,1,2,0,no,yes,no,no,yes,yes,yes,yes,3,3,1,1,2,4,18.0,10,12,14,2008-09-06
398,GP,F,18,U,GT3,T,2,3,at_home,other,course,mother,1,3,0,no,yes,no,no,yes,yes,yes,no,4,3,3,1,2,3,0.0,11,12,14,2008-09-06
399,GP,F,18,U,GT3,T,3,2,other,services,other,mother,1,3,0,no,no,no,no,yes,yes,yes,yes,5,4,3,2,3,1,4.0,14,16,17,2008-09-05
400,GP,M,18,R,GT3,T,4,3,teacher,services,course,mother,1,3,0,no,no,no,no,yes,yes,yes,yes,5,3,2,1,2,4,4.0,15,14,17,2008-09-04
401,GP,M,18,U,GT3,T,4,3,teacher,other,course,mother,1,3,0,no,yes,no,no,yes,yes,yes,yes,5,4,5,2,3,5,,14,13,14,2008-09-11
402,GP,F,17,U,GT3,T,4,3,,other,reputation,mother,1,3,0,no,yes,no,yes,yes,yes,yes,yes,4,4,3,1,3,4,0.0,11,12,13,2008-09-11
403,GP,F,17,U,GT3,T,2,1,services,other,course,mother,2,2,0,no,yes,no,yes,yes,yes,yes,yes,4,3,4,2,2,1,10.0,12,15,15,2008-09-12
404,GP,F,17,U,GT3,T,2,1,services,other,reputation,mother,1,2,0,no,yes,no,yes,yes,yes,yes,no,4,3,5,2,4,4,4.0,12,16,16,2008-09-03
405,GP,F,19,U,LE3,A,2,3,,other,home,other,2,1,1,no,no,no,no,yes,no,yes,no,2,2,3,3,4,5,16.0,10,11,11,2008-09-07
406,GP,F,17,U,GT3,T,3,1,other,at_home,home,mother,1,1,1,no,yes,yes,no,yes,yes,yes,yes,4,1,2,1,1,3,6.0,10,13,13,2008-09-04
407,GP,F,21,U,LE3,T,4,4,other,other,reputation,other,1,3,2,no,no,yes,yes,yes,yes,yes,no,3,3,2,1,1,5,0.0,9,12,12,2008-09-13
408,GP,M,18,U,LE3,T,2,2,services,services,reputation,mother,1,2,0,no,yes,no,yes,no,no,yes,no,4,4,4,1,3,3,11.0,9,11,12,2008-09-04
409,GP,M,18,U,LE3,A,3,4,other,other,reputation,other,1,2,0,no,no,no,yes,yes,yes,yes,yes,4,3,5,1,4,2,9.0,13,14,15,2008-09-03
410,GP,F,17,U,GT3,T,2,2,services,services,reputation,mother,1,2,0,no,yes,no,yes,yes,yes,yes,no,4,3,4,1,3,4,0.0,13,17,17,2008-09-08
411,GP,M,17,U,LE3,A,4,4,health,other,reputation,mother,1,3,0,no,yes,no,no,yes,yes,yes,no,4,4,2,1,2,4,2.0,12,15,15,2008-09-13
412,GP,F,18,U,LE3,T,4,2,teacher,other,course,mother,1,2,0,no,yes,no,yes,yes,yes,yes,no,4,2,2,1,1,3,0.0,14,17,17,2008-09-13
413,GP,M,21,R,LE3,T,1,1,at_home,other,course,other,2,2,2,no,yes,no,yes,yes,no,yes,yes,5,3,3,5,2,4,21.0,9,10,10,2008-09-02
414,GP,F,20,R,GT3,T,1,1,other,other,reputation,other,2,3,0,no,no,no,no,yes,yes,yes,yes,3,2,2,1,3,3,8.0,11,15,15,2008-09-05
415,GP,F,19,U,GT3,T,4,4,teacher,other,home,other,1,1,1,no,yes,no,no,yes,yes,yes,yes,3,2,5,4,4,5,5.0,9,10,11,2008-09-03
416,GP,M,17,U,LE3,A,3,2,,other,reputation,mother,1,2,0,no,yes,no,no,yes,yes,yes,no,4,4,4,1,2,5,10.0,16,18,18,2008-09-05
417,GP,F,18,U,GT3,T,3,2,at_home,other,reputation,father,1,3,0,no,yes,no,no,yes,yes,yes,yes,4,3,4,1,2,2,5.0,14,17,17,2008-09-08
418,GP,M,18,R,GT3,T,2,3,other,services,reputation,father,1,1,0,no,no,no,no,yes,yes,yes,no,3,1,3,4,5,4,13.0,13,14,14,2008-09-04
419,GP,M,19,U,GT3,T,2,1,other,other,reputation,mother,1,1,0,no,no,no,no,yes,yes,yes,no,5,3,4,1,4,4,10.0,7,11,11,2008-09-01
420,GP,F,18,U,LE3,A,2,2,services,other,reputation,mother,2,2,0,no,yes,no,no,yes,yes,yes,no,4,1,4,1,3,4,10.0,14,17,17,2008-09-08
421,GP,F,20,U,GT3,T,1,0,other,other,reputation,mother,2,1,1,yes,no,no,no,yes,yes,yes,yes,5,3,1,1,1,5,5.0,8,10,10,2008-09-01
422,GP,F,18,U,GT3,T,3,2,services,other,home,mother,1,2,0,no,yes,no,yes,no,yes,yes,yes,3,1,2,1,2,1,4.0,10,13,13,2008-09-04
423,MS,F,16,U,GT3,T,1,3,at_home,other,other,father,2,1,0,no,yes,no,no,yes,no,yes,yes,4,3,3,1,3,5,11.0,10,11,11,2008-09-01
424,MS,F,16,R,GT3,T,2,2,other,other,course,mother,2,2,0,no,yes,no,yes,yes,yes,yes,no,4,4,4,1,1,5,0.0,12,12,12,2008-09-02
425,MS,F,15,R,GT3,T,1,1,at_home,services,other,mother,1,1,1,no,yes,no,no,yes,yes,no,yes,4,1,3,1,1,2,6.0,10,10,10,2008-09-07
426,MS,F,15,R,GT3,T,3,3,at_home,other,course,mother,2,1,0,no,yes,no,no,yes,yes,yes,no,5,4,4,2,3,5,4.0,10,10,11,2008-09-12
427,MS,F,16,R,GT3,T,2,3,at_home,services,course,mother,2,2,0,no,no,no,no,yes,yes,no,no,4,5,2,1,2,5,0.0,16,17,17,2008-09-11
428,MS,F,15,R,LE3,T,2,1,,other,home,mother,2,1,0,no,no,no,no,yes,no,no,no,1,3,4,1,1,1,0.0,6,8,9,2008-09-02
429,MS,M,16,R,LE3,A,4,4,at_home,other,home,mother,1,2,0,no,yes,no,no,yes,yes,no,no,5,3,2,1,3,2,5.0,10,11,11,2008-09-01
430,MS,M,16,U,GT3,A,1,2,other,other,other,mother,1,3,0,yes,no,no,no,yes,yes,yes,no,4,4,3,1,1,5,0.0,10,11,11,2008-09-05
431,MS,F,17,R,GT3,T,3,2,at_home,other,course,father,1,2,1,no,no,no,no,yes,yes,no,yes,4,5,4,1,2,5,,10,10,10,2008-09-10
432,MS,F,17,R,GT3,T,1,1,other,other,other,father,1,1,1,no,yes,no,no,no,no,yes,no,5,4,4,2,2,5,0.0,6,6,7,2008-09-11
433,MS,F,15,R,GT3,T,4,4,teacher,other,course,mother,2,1,0,no,no,no,no,yes,yes,yes,yes,1,5,1,3,5,5,0.0,13,14,14,2008-09-12
434,MS,F,16,U,LE3,A,2,2,at_home,other,reputation,mother,2,4,0,no,no,no,yes,no,no,no,yes,1,2,1,1,1,1,,10,9,11,2008-09-05
435,MS,F,15,R,LE3,T,1,1,at_home,services,reputation,father,2,2,0,no,yes,no,no,yes,yes,yes,no,5,4,3,1,2,4,0.0,10,10,10,2008-09-03
436,MS,F,15,R,LE3,T,1,1,other,services,course,mother,2,1,1,no,yes,no,no,yes,yes,yes,yes,4,4,3,1,2,2,4.0,6,7,8,2008-09-01
437,MS,F,16,R,GT3,T,0,2,other,other,other,mother,2,1,0,no,yes,no,yes,yes,yes,no,no,3,2,3,1,2,2,,12,11,12,2008-09-03
438,MS,F,17,R,GT3,T,2,3,other,other,course,mother,2,1,0,no,yes,no,no,yes,yes,yes,no,5,5,5,1,3,3,2.0,10,11,12,2008-09-01
439,MS,F,15,R,GT3,T,3,3,,services,course,father,2,1,0,no,no,no,no,no,yes,yes,no,4,1,3,1,1,4,0.0,14,16,16,2008-09-13
440,MS,M,16,U,GT3,T,1,1,at_home,services,home,mother,2,2,0,no,yes,no,yes,yes,yes,no,yes,5,4,5,4,5,3,0.0,7,0,0,2008-09-04
441,MS,M,17,U,GT3,T,1,1,other,other,home,mother,1,2,0,no,no,yes,no,no,yes,yes,no,4,4,3,2,4,5,4.0,8,9,9,2008-09-12
442,MS,M,15,R,LE3,T,4,1,health,services,reputation,father,1,2,0,no,yes,no,yes,yes,yes,yes,no,5,3,4,1,2,2,0.0,12,13,14,2008-09-08
443,MS,M,15,R,LE3,T,4,1,health,services,reputation,father,1,2,0,no,yes,no,yes,yes,yes,yes,no,5,3,4,1,2,2,7.0,7,9,8,2008-09-08
444,MS,M,16,R,GT3,T,3,4,other,health,other,mother,3,2,0,no,no,no,no,no,yes,no,no,3,4,5,1,2,5,4.0,9,10,11,2008-09-07
445,MS,M,15,R,GT3,T,1,1,other,other,course,mother,4,2,0,no,yes,no,yes,yes,yes,no,yes,5,4,5,2,4,4,8.0,7,9,9,2008-09-12
446,MS,M,15,U,LE3,T,3,3,at_home,at_home,reputation,father,1,2,0,no,yes,no,yes,yes,yes,yes,no,5,3,3,1,1,5,,11,11,11,2008-09-01
447,MS,M,17,R,GT3,T,2,1,other,other,other,mother,3,1,0,no,no,no,yes,yes,no,no,yes,5,5,5,5,5,3,,8,10,9,2008-09-02
448,MS,F,16,R,GT3,T,4,4,teacher,teacher,course,mother,2,3,0,no,no,no,yes,yes,yes,yes,yes,4,2,2,1,1,4,6.0,16,16,17,2008-09-06
449,MS,F,15,R,GT3,T,1,2,other,services,course,mother,2,1,0,no,no,no,no,yes,yes,no,no,5,1,2,1,1,1,3.0,11,13,13,2008-09-06
450,MS,F,16,R,GT3,T,2,3,other,services,course,mother,3,2,0,no,yes,no,no,yes,yes,yes,no,4,5,4,1,2,1,2.0,15,15,15,2008-09-08
451,MS,M,16,R,GT3,T,1,2,other,other,course,father,2,2,0,no,no,no,no,yes,yes,no,no,4,3,3,1,1,5,0.0,10,11,11,2008-09-11
452,MS,F,16,R,GT3,T,2,2,other,other,course,mother,3,2,0,no,yes,no,no,yes,yes,yes,no,4,4,5,1,1,4,4.0,9,10,11,2008-09-09
453,MS,F,16,U,GT3,T,1,2,other,services,course,mother,1,3,1,no,yes,no,no,yes,yes,no,no,1,3,2,1,2,4,0.0,10,8,8,2008-09-04
454,MS,F,16,U,GT3,T,1,2,other,services,course,mother,1,3,1,no,yes,no,no,yes,yes,no,no,1,3,2,1,2,4,,9,8,8,2008-09-05
455,MS,F,15,U,GT3,T,2,1,at_home,other,home,mother,1,2,0,yes,yes,no,no,no,yes,yes,no,4,4,2,3,3,2,0.0,9,10,9,2008-09-11
456,MS,F,16,U,GT3,T,1,1,at_home,other,course,father,1,2,0,no,yes,no,no,no,yes,no,yes,5,4,3,2,1,2,0.0,13,14,15,2008-09-03
457,MS,M,17,R,LE3,T,1,2,at_home,services,reputation,mother,1,1,0,no,yes,no,yes,yes,yes,yes,no,5,5,5,5,5,3,4.0,10,11,11,2008-09-08
458,MS,F,16,R,GT3,T,1,1,other,other,home,father,4,4,0,no,yes,no,no,no,yes,yes,no,4,3,2,1,1,1,0.0,13,10,13,2008-09-08
459,MS,F,16,R,GT3,T,1,1,at_home,other,other,father,4,3,0,yes,yes,no,no,yes,yes,no,no,4,4,3,1,1,5,2.0,10,9,10,2008-09-11
460,MS,F,15,R,GT3,T,1,1,at_home,other,home,father,2,2,0,no,yes,no,yes,yes,yes,yes,no,4,3,3,1,1,2,1.0,11,10,11,2008-09-11
461,MS,F,16,R,GT3,T,1,1,at_home,other,other,mother,2,1,0,no,no,no,yes,yes,yes,yes,yes,4,2,2,4,3,2,0.0,13,12,14,2008-09-07
462,MS,F,15,R,GT3,T,1,1,at_home,at_home,course,father,3,2,0,no,yes,no,no,yes,yes,no,no,4,2,1,1,2,2,0.0,13,14,14,2008-09-05
463,MS,F,15,R,LE3,T,2,2,other,other,other,father,1,3,0,yes,yes,no,no,yes,yes,no,no,4,4,3,2,2,5,2.0,14,11,12,2008-09-06
464,MS,M,16,R,GT3,T,1,1,at_home,other,other,father,2,1,0,no,no,no,yes,yes,yes,no,no,3,4,4,3,4,5,6.0,11,11,11,2008-09-06
465,MS,F,18,U,GT3,T,1,2,other,other,course,father,1,2,1,no,yes,no,yes,yes,yes,yes,yes,3,4,4,2,3,5,9.0,9,8,8,2008-09-04
466,MS,M,15,U,GT3,T,3,1,other,services,home,mother,2,1,0,no,yes,no,no,yes,yes,no,no,3,2,3,1,3,4,0.0,10,9,11,2008-09-09
467,MS,F,16,R,GT3,T,2,2,other,services,course,father,3,2,0,no,yes,no,yes,yes,yes,yes,no,5,3,4,1,1,2,1.0,14,13,14,2008-09-03
468,MS,M,15,U,GT3,T,2,2,health,other,reputation,mother,3,1,0,no,no,no,no,yes,yes,no,no,4,3,3,1,2,4,1.0,13,12,13,2008-09-10
469,MS,M,16,U,GT3,T,4,4,other,teacher,course,father,1,2,0,no,yes,no,yes,yes,yes,no,yes,4,3,1,1,1,3,0.0,13,12,13,2008-09-11
470,MS,F,15,R,GT3,T,3,3,services,other,reputation,mother,1,2,0,no,yes,no,no,yes,yes,yes,yes,4,5,4,1,1,1,4.0,13,12,12,2008-09-14
471,MS,F,16,R,GT3,T,2,2,,other,course,mother,2,2,1,no,yes,no,yes,no,yes,no,no,4,4,4,2,3,5,2.0,12,11,12,2008-09-02
472,MS,F,16,R,LE3,T,2,2,other,other,home,father,3,1,0,no,yes,no,yes,yes,yes,no,yes,4,3,2,1,1,4,0.0,14,14,16,2008-09-11
473,MS,M,16,U,LE3,T,2,1,at_home,services,course,mother,2,1,0,no,yes,no,yes,yes,yes,yes,no,2,4,3,2,3,4,4.0,10,8,10,2008-09-02
474,MS,M,15,R,LE3,T,1,3,at_home,other,reputation,father,3,1,0,no,yes,no,yes,yes,yes,yes,no,4,2,4,3,5,3,2.0,10,11,11,2008-09-05
475,MS,F,15,U,GT3,T,2,2,other,services,course,mother,2,3,0,no,yes,no,yes,yes,yes,no,no,5,3,2,1,1,4,0.0,12,13,14,2008-09-03
476,MS,F,16,R,LE3,T,2,1,other,other,home,mother,1,1,0,no,yes,no,no,yes,yes,yes,yes,5,4,3,1,1,5,,10,8,8,2008-09-03
477,MS,M,15,U,GT3,T,3,3,services,services,course,father,2,1,0,no,yes,no,yes,no,yes,yes,no,4,3,3,2,4,3,11.0,12,10,11,2008-09-03
478,MS,F,16,R,GT3,T,1,1,at_home,other,course,father,2,2,3,yes,yes,no,no,yes,yes,no,no,3,4,3,1,1,1,0.0,7,7,8,2008-09-01
479,MS,F,17,U,GT3,T,2,2,other,at_home,course,mother,1,1,0,no,yes,no,yes,yes,no,no,no,4,5,3,1,1,5,4.0,9,9,10,2008-09-12
480,MS,F,19,U,GT3,T,2,3,at_home,services,course,other,1,1,1,no,no,no,no,yes,no,yes,yes,4,4,4,1,1,2,0.0,9,9,10,2008-09-01
481,MS,F,17,R,GT3,T,2,1,at_home,other,course,mother,3,1,0,no,yes,no,yes,yes,no,no,yes,5,5,3,1,1,3,2.0,9,10,11,2008-09-06
482,MS,F,15,R,LE3,T,1,1,at_home,other,course,mother,2,1,0,no,yes,no,no,yes,no,no,yes,5,2,1,1,3,4,0.0,9,10,9,2008-09-10
483,MS,F,16,R,GT3,T,2,2,other,other,course,father,3,2,0,no,yes,no,no,yes,no,yes,no,3,4,5,1,2,1,1.0,9,10,11,2008-09-14
484,MS,F,16,U,LE3,A,2,2,other,other,home,mother,1,1,0,no,yes,no,no,yes,no,no,no,4,3,4,1,2,1,6.0,7,7,8,2008-09-12
485,MS,F,17,R,GT3,T,2,2,at_home,other,course,mother,2,2,0,no,yes,no,no,yes,yes,yes,no,4,3,5,1,2,4,0.0,11,10,11,2008-09-02
486,MS,F,16,U,GT3,T,2,2,other,services,course,father,1,1,1,no,yes,yes,yes,no,yes,yes,no,4,4,3,1,4,3,1.0,9,10,10,2008-09-14
487,MS,F,18,R,LE3,A,3,2,other,other,course,other,2,3,2,no,yes,no,no,no,no,no,yes,3,3,2,1,1,2,6.0,7,9,10,2008-09-10
488,MS,F,19,U,GT3,T,1,1,at_home,services,course,mother,1,3,1,no,no,no,yes,yes,no,no,yes,5,3,1,1,1,3,6.0,7,9,9,2008-09-03
489,MS,M,18,R,GT3,T,1,1,other,other,home,mother,2,1,1,no,no,no,yes,yes,no,yes,no,4,4,3,3,4,4,0.0,8,9,10,2008-09-07
490,MS,F,18,R,GT3,T,1,1,at_home,at_home,course,mother,2,1,1,no,no,no,no,no,no,yes,yes,3,2,3,1,1,2,4.0,9,11,10,2008-09-13
491,MS,F,19,U,GT3,T,1,1,,other,course,other,2,2,1,no,yes,no,no,yes,yes,yes,yes,1,1,4,4,1,1,12.0,7,8,9,2008-09-06
492,MS,F,16,R,GT3,A,2,2,health,other,course,mother,1,2,0,no,no,no,no,no,yes,no,yes,3,3,2,1,1,3,2.0,8,10,10,2008-09-03
493,MS,F,17,U,GT3,T,0,1,other,at_home,course,father,2,1,0,no,no,no,yes,no,yes,no,no,2,4,4,3,5,5,5.0,9,9,10,2008-09-13
494,MS,F,16,R,LE3,T,1,2,at_home,other,course,mother,1,2,0,no,no,no,yes,yes,no,yes,no,4,4,5,1,3,3,0.0,8,9,9,2008-09-14
495,MS,F,16,U,GT3,T,3,3,other,other,reputation,mother,1,1,0,no,no,no,yes,yes,no,yes,yes,4,5,4,1,1,4,0.0,14,13,13,2008-09-14
496,MS,F,16,R,LE3,T,1,1,services,services,home,mother,1,1,0,no,yes,no,yes,yes,yes,yes,yes,4,4,4,2,2,4,2.0,14,14,14,2008-09-14
497,MS,M,17,U,GT3,T,3,3,services,at_home,course,mother,2,4,1,no,yes,yes,yes,yes,yes,no,no,5,4,5,3,4,5,0.0,10,11,10,2008-09-13
498,MS,F,16,U,GT3,T,2,1,other,services,course,mother,1,2,0,no,yes,no,yes,yes,yes,yes,no,5,3,3,1,1,1,0.0,14,13,14,2008-09-07
499,MS,F,16,U,GT3,T,2,2,services,other,course,mother,1,1,0,no,yes,yes,yes,yes,yes,no,yes,4,2,5,1,2,5,0.0,17,16,16,2008-09-03
500,MS,M,17,U,GT3,T,1,2,other,other,course,father,1,1,1,no,yes,no,yes,yes,no,yes,yes,5,3,5,5,5,1,12.0,6,7,7,2008-09-09
501,MS,M,16,U,LE3,T,4,3,other,other,course,father,1,1,0,no,no,no,yes,yes,yes,yes,no,4,2,5,1,5,5,8.0,14,12,13,2008-09-04
502,MS,M,17,R,LE3,T,2,2,services,services,other,mother,3,4,1,no,yes,no,no,yes,yes,no,no,1,3,5,3,5,3,2.0,10,8,9,2008-09-07
503,MS,F,16,U,GT3,T,1,1,other,other,course,other,1,4,0,yes,yes,no,yes,yes,yes,yes,no,2,2,1,1,1,5,0.0,14,14,14,2008-09-10
504,MS,F,19,U,LE3,T,2,2,,other,home,mother,1,3,0,no,no,no,no,yes,yes,yes,yes,5,4,5,1,1,1,0.0,12,13,13,2008-09-14
505,MS,F,17,R,GT3,T,1,1,at_home,other,reputation,mother,2,1,0,no,yes,no,yes,no,yes,yes,yes,4,4,5,1,2,5,0.0,11,11,11,2008-09-05
506,MS,F,20,U,GT3,T,3,3,at_home,services,other,mother,2,2,1,no,no,no,yes,yes,yes,yes,yes,3,3,4,2,4,3,8.0,11,9,10,2008-09-04
507,MS,F,17,U,LE3,T,1,1,other,services,course,father,1,3,0,no,yes,no,no,yes,yes,no,yes,4,3,3,1,1,3,0.0,11,11,10,2008-09-11
508,MS,M,17,R,GT3,T,2,2,other,other,course,mother,3,1,1,no,yes,no,no,no,yes,yes,no,4,4,5,1,2,5,0.0,10,9,9,2008-09-01
509,MS,F,16,R,LE3,T,1,1,at_home,other,course,father,3,2,0,no,yes,no,no,yes,yes,no,no,5,3,2,1,1,1,0.0,16,17,18,2008-09-08
510,MS,F,17,R,GT3,T,2,2,other,other,reputation,mother,2,2,0,no,yes,no,yes,yes,yes,no,no,5,3,2,1,1,1,0.0,15,17,17,2008-09-11
511,MS,F,17,U,GT3,A,1,0,other,other,other,mother,2,2,0,no,no,no,no,yes,yes,yes,yes,4,4,5,1,1,4,1.0,11,9,10,2008-09-08
512,MS,F,18,R,GT3,T,1,1,at_home,other,other,mother,1,2,1,no,yes,no,no,yes,yes,yes,yes,4,3,2,1,1,5,9.0,7,7,7,2008-09-06
513,MS,F,16,U,GT3,T,3,1,other,other,course,mother,1,1,0,no,no,no,yes,yes,yes,yes,no,3,1,3,1,3,1,0.0,8,6,8,2008-09-12
514,MS,F,16,U,GT3,T,3,2,services,at_home,course,mother,1,1,0,no,no,no,no,yes,yes,yes,no,3,1,3,1,4,3,2.0,7,6,7,2008-09-06
515,MS,F,18,U,LE3,T,1,1,other,at_home,reputation,mother,2,2,0,yes,no,no,no,yes,yes,no,no,2,3,5,1,4,3,8.0,9,8,10,2008-09-10
516,MS,F,16,R,GT3,T,4,4,health,teacher,reputation,father,1,2,0,no,no,no,yes,no,yes,yes,yes,4,3,3,2,3,2,0.0,14,16,16,2008-09-07
517,MS,F,16,R,LE3,T,1,2,other,other,reputation,mother,2,1,0,no,no,no,yes,yes,yes,yes,no,5,4,5,1,4,2,0.0,14,14,15,2008-09-01
518,MS,F,18,U,GT3,A,2,4,other,services,reputation,father,1,2,1,no,yes,no,no,yes,yes,yes,no,2,3,2,1,3,1,8.0,8,5,8,2008-09-08
519,MS,M,16,R,GT3,T,2,1,other,services,reputation,mother,2,2,0,no,no,no,yes,yes,yes,yes,no,5,2,1,1,1,2,0.0,8,7,0,2008-09-01
520,MS,F,16,U,LE3,T,1,1,at_home,other,other,mother,3,2,0,no,yes,no,no,yes,yes,yes,no,4,3,2,1,3,5,6.0,6,8,8,2008-09-14
521,MS,F,16,R,GT3,T,2,3,at_home,services,other,mother,2,2,0,no,yes,no,yes,yes,yes,yes,no,3,3,3,1,1,2,0.0,8,10,10,2008-09-09
522,MS,F,16,U,GT3,T,4,4,health,health,course,mother,1,2,0,no,yes,no,no,yes,yes,yes,yes,4,3,4,1,2,3,4.0,8,8,8,2008-09-06
523,MS,M,18,U,LE3,T,4,4,at_home,health,home,mother,1,4,0,no,yes,no,yes,yes,no,yes,yes,5,5,5,5,5,5,2.0,5,6,6,2008-09-07
524,MS,F,16,R,LE3,T,3,4,at_home,other,other,mother,3,2,0,no,yes,no,no,no,yes,no,no,4,2,1,1,1,2,2.0,7,9,8,2008-09-09
525,MS,M,17,U,LE3,T,4,4,other,services,home,mother,1,3,0,no,yes,no,no,yes,yes,yes,no,4,4,3,1,2,5,0.0,15,14,16,2008-09-04
526,MS,F,17,R,GT3,T,4,1,other,other,other,mother,1,1,0,no,no,no,no,yes,yes,yes,yes,4,2,3,1,2,5,1.0,13,14,14,2008-09-05
527,MS,M,16,U,LE3,T,2,2,services,services,other,mother,4,3,0,no,no,no,no,yes,yes,no,no,5,1,3,2,2,3,0.0,10,9,10,2008-09-06
528,MS,F,17,R,GT3,T,2,2,at_home,other,other,mother,1,1,0,no,yes,yes,no,yes,yes,yes,no,5,1,3,1,2,5,5.0,9,9,9,2008-09-04
529,MS,F,16,U,LE3,T,4,4,services,services,other,father,2,1,0,no,yes,no,no,yes,yes,no,no,5,1,3,1,2,5,1.0,11,11,11,2008-09-11
530,MS,M,17,U,GT3,T,3,3,services,services,home,mother,1,1,0,no,yes,no,yes,yes,yes,yes,no,4,1,4,5,5,3,8.0,7,10,9,2008-09-02
531,MS,M,17,U,GT3,T,1,1,at_home,services,other,mother,3,2,0,no,no,no,no,yes,yes,yes,yes,5,1,3,3,3,1,0.0,10,10,10,2008-09-12
532,MS,M,16,U,GT3,T,2,1,health,services,other,mother,2,2,0,no,no,no,no,no,yes,yes,yes,4,2,2,1,4,5,2.0,9,7,8,2008-09-05
533,MS,F,16,U,LE3,T,2,1,other,services,other,mother,1,2,0,no,no,no,no,yes,yes,yes,yes,3,2,2,1,1,3,0.0,14,15,16,2008-09-08
534,MS,M,16,U,LE3,T,4,4,teacher,health,other,father,1,1,0,no,yes,no,no,yes,yes,yes,no,4,1,2,2,5,5,0.0,11,12,12,2008-09-03
535,MS,M,15,R,GT3,T,1,2,other,services,course,mother,3,2,0,no,yes,no,yes,yes,yes,no,no,5,5,5,1,3,5,11.0,9,11,10,2008-09-06
536,MS,M,15,U,LE3,A,2,2,other,other,reputation,mother,3,4,0,no,yes,no,yes,yes,yes,no,no,5,4,5,2,3,5,8.0,13,14,14,2008-09-11
537,MS,M,15,U,LE3,A,2,1,services,services,course,mother,1,1,0,no,no,no,yes,yes,yes,yes,no,4,3,3,1,2,5,11.0,12,13,12,2008-09-04
538,MS,F,16,R,LE3,T,2,2,other,other,course,mother,1,3,0,no,yes,no,no,no,yes,no,yes,4,3,3,2,2,5,2.0,11,11,11,2008-09-02
539,MS,F,16,U,LE3,T,4,1,other,other,home,mother,2,2,0,no,yes,no,yes,yes,yes,yes,no,1,2,4,2,2,1,8.0,9,10,10,2008-09-08
540,MS,F,17,U,GT3,T,3,2,at_home,other,home,mother,2,1,0,no,no,no,no,yes,yes,no,yes,4,3,3,2,2,1,5.0,9,11,11,2008-09-03
541,MS,F,17,R,GT3,T,2,2,other,other,other,mother,2,2,0,yes,no,yes,no,yes,yes,no,no,5,1,3,1,1,5,0.0,11,9,11,2008-09-05
542,MS,F,16,U,GT3,T,4,4,teacher,services,course,mother,2,3,0,no,yes,no,no,yes,yes,yes,yes,5,3,5,1,4,5,1.0,10,11,12,2008-09-07
543,MS,M,17,R,GT3,T,4,4,health,other,course,father,3,1,3,no,no,no,yes,yes,yes,yes,yes,3,3,3,1,3,5,2.0,9,9,8,2008-09-08
544,MS,M,17,R,LE3,T,1,3,other,other,course,father,2,1,0,no,no,no,yes,yes,yes,no,yes,5,1,2,3,3,5,2.0,12,11,12,2008-09-09
545,MS,M,17,U,GT3,T,3,4,services,other,other,mother,1,2,1,no,yes,no,yes,no,yes,yes,yes,5,4,4,3,4,5,8.0,8,9,8,2008-09-10
546,MS,F,17,U,GT3,T,4,4,health,health,course,father,1,2,0,no,yes,no,no,yes,yes,yes,no,5,2,5,1,1,5,0.0,13,15,16,2008-09-12
547,MS,M,16,R,LE3,T,4,1,other,at_home,other,father,1,1,0,no,no,no,no,yes,yes,yes,no,4,1,2,2,1,2,0.0,10,11,11,2008-09-01
548,MS,F,17,U,GT3,A,1,1,at_home,at_home,other,mother,1,2,0,no,no,no,yes,yes,yes,yes,yes,4,5,5,1,2,3,2.0,11,10,11,2008-09-06
549,MS,F,17,R,GT3,T,4,2,other,other,course,mother,2,2,0,yes,yes,no,no,no,yes,yes,no,4,3,3,2,3,5,0.0,17,18,18,2008-09-01
550,MS,M,16,U,LE3,A,2,2,other,services,course,father,2,2,0,no,yes,no,no,no,yes,yes,yes,4,1,2,2,2,5,0.0,12,13,13,2008-09-01
551,MS,M,17,U,GT3,T,3,2,other,other,other,father,2,2,0,no,yes,yes,no,yes,yes,yes,no,4,1,2,2,2,1,0.0,13,14,13,2008-09-03
552,MS,M,19,U,GT3,T,1,1,other,other,other,mother,1,2,2,no,yes,no,yes,yes,no,yes,no,4,4,3,3,4,4,2.0,9,9,10,2008-09-09
553,MS,M,17,U,LE3,A,1,0,other,other,home,mother,1,1,0,no,no,no,no,yes,yes,no,yes,4,1,2,1,1,5,4.0,11,11,12,2008-09-13
554,MS,F,17,R,GT3,T,1,1,at_home,at_home,course,father,2,1,0,no,yes,no,yes,yes,no,yes,yes,3,5,5,2,2,4,3.0,10,11,10,2008-09-11
555,MS,F,16,R,GT3,T,1,2,other,other,home,father,1,3,0,yes,yes,no,no,no,yes,yes,yes,4,3,4,1,1,3,5.0,13,14,13,2008-09-10
556,MS,M,16,R,LE3,T,1,2,other,at_home,course,mother,1,1,0,no,no,no,no,yes,yes,no,no,4,4,4,2,4,5,4.0,9,10,11,2008-09-11
557,MS,F,17,R,GT3,T,3,1,other,other,course,mother,2,2,3,no,yes,no,yes,no,yes,yes,yes,5,4,4,1,1,5,2.0,7,9,10,2008-09-03
558,MS,M,17,R,GT3,T,2,2,other,other,course,mother,2,1,0,no,no,no,yes,yes,no,no,yes,5,5,5,3,5,5,0.0,8,13,10,2008-09-12
559,MS,M,18,R,GT3,T,1,0,at_home,at_home,course,other,3,1,1,yes,yes,no,no,yes,yes,no,no,4,3,2,1,1,4,0.0,12,12,13,2008-09-13
560,MS,M,17,R,GT3,T,1,1,other,services,course,mother,2,1,0,no,yes,no,yes,no,yes,yes,yes,4,5,5,1,3,2,0.0,10,9,10,2008-09-02
561,MS,M,18,U,LE3,T,1,1,at_home,at_home,course,mother,2,2,0,no,yes,no,yes,yes,yes,no,no,4,3,3,1,4,5,,10,9,10,2008-09-07
562,MS,F,16,R,LE3,T,2,2,other,services,course,father,1,2,0,no,no,no,yes,yes,yes,no,yes,5,4,3,1,1,1,0.0,11,13,12,2008-09-12
563,MS,M,17,U,GT3,T,2,2,other,other,course,mother,1,1,1,no,no,no,yes,yes,yes,no,yes,1,2,1,2,3,5,0.0,7,0,0,2008-09-07
564,MS,M,16,R,GT3,T,3,2,services,other,course,father,2,1,0,no,no,no,no,yes,yes,yes,no,4,5,5,2,3,5,2.0,11,9,10,2008-09-12
565,MS,M,16,R,LE3,T,1,1,at_home,other,course,mother,2,1,0,no,no,no,yes,yes,yes,yes,no,4,5,5,2,4,5,0.0,10,10,9,2008-09-14
566,MS,M,18,R,GT3,T,1,1,services,other,course,other,2,1,1,no,yes,no,no,yes,no,yes,yes,5,3,3,2,3,5,2.0,9,7,9,2008-09-07
567,MS,M,18,R,GT3,T,3,2,services,other,course,mother,1,1,1,no,no,no,no,yes,no,yes,no,2,3,1,2,2,5,0.0,4,0,0,2008-09-01
568,MS,M,19,U,GT3,T,3,2,at_home,services,course,mother,2,1,3,no,no,no,yes,yes,yes,no,no,3,2,1,1,1,3,4.0,6,11,9,2008-09-05
569,MS,M,18,U,GT3,T,3,3,at_home,at_home,course,mother,1,2,2,no,yes,no,yes,yes,no,yes,no,4,4,5,1,3,3,9.0,4,8,8,2008-09-04
570,MS,M,16,R,GT3,T,2,2,services,services,course,mother,2,1,0,no,yes,no,yes,yes,yes,yes,yes,5,4,3,2,4,4,6.0,7,8,8,2008-09-07
571,MS,M,19,U,GT3,T,2,1,at_home,other,course,other,2,1,3,no,no,no,yes,no,no,yes,yes,4,4,3,1,3,5,4.0,8,9,9,2008-09-09
572,MS,F,16,U,GT3,A,3,2,services,at_home,course,mother,2,2,2,no,yes,no,yes,yes,yes,no,yes,2,5,5,1,1,1,8.0,5,5,7,2008-09-07
573,MS,F,17,U,GT3,T,1,1,other,at_home,course,mother,1,1,0,no,yes,no,yes,yes,yes,no,no,4,3,2,1,2,5,9.0,7,9,10,2008-09-03
574,MS,M,20,R,GT3,T,1,1,other,other,course,other,2,1,1,no,yes,no,no,yes,no,yes,yes,4,4,3,2,4,4,12.0,8,11,10,2008-09-05
575,MS,F,18,R,GT3,A,4,3,services,services,course,mother,1,1,0,no,yes,no,no,yes,yes,yes,no,5,4,4,3,4,2,8.0,10,11,10,2008-09-10
576,MS,M,18,R,GT3,T,3,2,other,other,course,mother,2,1,0,no,yes,no,no,no,yes,yes,no,2,5,5,5,5,5,8.0,9,10,11,2008-09-01
577,MS,M,19,R,GT3,T,1,1,other,services,home,other,3,2,1,no,no,no,no,yes,yes,yes,no,5,4,4,3,3,2,8.0,10,9,11,2008-09-03
578,MS,M,17,U,GT3,T,3,3,health,other,course,mother,2,2,1,no,yes,no,no,yes,yes,yes,no,4,5,4,2,3,3,4.0,8,9,10,2008-09-13
579,MS,M,18,U,LE3,T,1,3,at_home,services,course,mother,1,1,0,no,no,no,no,yes,no,yes,yes,4,3,3,2,3,3,0.0,9,10,9,2008-09-02
580,MS,M,19,R,GT3,T,1,1,other,other,home,other,3,1,1,no,yes,no,no,yes,yes,yes,no,4,4,4,3,3,5,4.0,8,9,10,2008-09-06
581,MS,F,18,U,GT3,A,1,2,at_home,other,course,mother,2,2,2,no,yes,no,no,yes,yes,no,no,4,3,3,1,1,5,2.0,6,8,8,2008-09-03
582,MS,F,19,U,LE3,A,1,1,at_home,other,course,mother,1,1,0,no,yes,no,no,yes,no,no,no,1,4,4,1,1,5,0.0,6,8,7,2008-09-02
583,MS,F,18,R,GT3,T,2,2,other,other,other,mother,2,1,1,no,no,no,no,yes,no,yes,yes,5,5,5,1,1,3,0.0,8,6,0,2008-09-06
584,MS,F,17,R,GT3,T,0,0,at_home,other,course,mother,2,1,0,no,yes,no,no,yes,yes,yes,no,4,4,3,1,1,5,0.0,10,11,11,2008-09-08
585,MS,F,17,R,LE3,A,3,1,other,at_home,course,other,2,3,0,no,yes,yes,no,yes,no,no,no,4,2,3,2,2,3,5.0,8,7,8,2008-09-03
586,MS,F,17,U,GT3,T,4,2,teacher,services,home,mother,1,2,0,yes,yes,no,yes,yes,yes,yes,no,5,5,5,1,3,5,0.0,8,8,0,2008-09-02
587,MS,F,18,R,LE3,T,2,2,services,services,course,mother,1,2,1,no,yes,no,yes,yes,yes,yes,no,2,3,3,1,2,4,,7,6,8,2008-09-02
588,MS,F,17,U,GT3,T,4,1,health,at_home,course,mother,1,1,0,no,yes,no,no,yes,yes,no,yes,3,2,2,1,1,5,0.0,8,10,9,2008-09-10
589,MS,F,17,U,LE3,T,1,2,at_home,other,course,father,1,1,0,no,no,no,no,yes,yes,yes,no,5,5,1,1,1,3,0.0,7,10,10,2008-09-13
590,MS,F,18,U,GT3,T,1,1,other,other,course,mother,3,2,2,no,no,no,yes,yes,yes,no,yes,3,4,4,2,2,5,3.0,7,8,7,2008-09-03
591,MS,F,18,U,GT3,T,2,2,,at_home,reputation,father,2,2,0,no,no,no,yes,no,yes,yes,no,4,3,5,1,1,1,2.0,12,13,14,2008-09-05
592,MS,F,17,U,GT3,T,3,3,services,services,course,mother,2,1,0,no,yes,no,no,yes,yes,yes,no,4,4,3,1,1,4,0.0,11,12,13,2008-09-05
593,MS,F,18,U,LE3,A,1,2,at_home,other,reputation,mother,2,2,0,no,no,no,no,yes,yes,yes,no,4,4,3,1,2,4,0.0,12,13,14,2008-09-06
594,MS,F,18,U,GT3,T,4,4,teacher,teacher,reputation,mother,2,2,0,no,no,no,yes,no,yes,yes,no,4,3,5,1,2,1,0.0,18,18,18,2008-09-04
595,MS,M,18,U,LE3,T,4,4,services,other,reputation,mother,1,1,0,no,yes,no,yes,yes,yes,yes,no,5,4,5,1,1,5,3.0,17,17,17,2008-09-01
596,MS,F,17,U,GT3,T,4,2,other,other,course,mother,2,2,0,no,yes,no,no,yes,yes,yes,no,4,3,3,1,2,4,0.0,17,18,18,2008-09-08
597,MS,F,18,R,GT3,T,2,2,at_home,other,course,mother,3,2,1,no,no,no,yes,yes,yes,no,yes,4,3,3,1,1,4,0.0,9,0,0,2008-09-06
598,MS,M,18,U,LE3,T,1,2,at_home,services,home,mother,2,1,0,no,yes,no,no,no,yes,no,no,4,1,4,5,5,1,8.0,10,11,11,2008-09-05
599,MS,M,18,R,GT3,T,4,4,at_home,services,other,mother,3,1,0,no,yes,yes,yes,yes,yes,yes,yes,2,5,5,1,1,1,5.0,12,13,14,2008-09-04
600,MS,M,17,R,GT3,T,1,1,other,services,other,father,3,1,0,no,no,no,no,no,no,no,no,4,2,3,3,4,4,4.0,12,13,14,2008-09-14
601,MS,F,18,U,GT3,T,2,2,other,other,course,mother,2,2,0,no,yes,no,no,no,yes,yes,yes,1,3,1,1,1,2,4.0,8,8,10,2008-09-09
602,MS,F,18,U,LE3,T,2,2,services,services,course,father,2,3,0,no,no,no,no,yes,yes,yes,yes,5,4,5,1,4,3,0.0,11,12,13,2008-09-06
603,MS,F,18,R,LE3,A,4,2,teacher,other,reputation,mother,1,2,0,no,no,no,yes,yes,yes,yes,yes,5,3,1,1,1,5,0.0,5,0,0,2008-09-03
604,MS,F,18,U,GT3,T,1,1,at_home,services,course,mother,3,2,1,no,no,no,no,yes,no,no,no,4,4,2,1,2,2,2.0,9,10,10,2008-09-12
605,MS,F,19,U,GT3,T,1,1,at_home,services,other,father,2,1,1,no,no,no,no,yes,no,no,no,5,5,5,2,3,2,0.0,5,0,0,2008-09-13
606,MS,F,17,U,GT3,T,4,2,teacher,other,course,father,2,4,0,no,no,no,no,yes,yes,yes,yes,4,2,3,3,1,5,0.0,18,18,18,2008-09-01
607,MS,F,17,R,LE3,A,2,1,services,other,reputation,mother,2,2,0,no,no,no,yes,yes,yes,yes,yes,5,3,3,1,2,2,5.0,11,11,12,2008-09-14
608,MS,F,18,U,LE3,A,1,1,at_home,services,course,mother,1,2,0,no,no,no,no,yes,yes,no,yes,5,2,3,1,2,3,2.0,8,10,11,2008-09-10
609,MS,F,18,U,GT3,T,1,2,at_home,at_home,course,father,2,2,0,no,yes,no,no,yes,no,no,no,4,1,1,1,1,4,0.0,11,11,12,2008-09-02
610,MS,F,19,R,GT3,A,1,1,at_home,at_home,course,other,2,2,3,no,yes,no,yes,yes,no,no,yes,3,5,4,1,4,1,0.0,8,0,0,2008-09-11
611,MS,F,18,R,GT3,T,2,2,services,other,home,mother,2,3,0,no,no,no,no,yes,yes,yes,yes,4,2,1,1,1,4,5.0,14,14,15,2008-09-02
612,MS,M,17,R,GT3,T,4,3,services,other,home,mother,2,2,1,no,yes,yes,yes,no,yes,yes,yes,4,5,5,1,3,2,4.0,10,11,11,2008-09-01
613,MS,F,18,U,GT3,T,3,3,services,services,course,father,1,2,0,no,yes,no,no,yes,yes,no,yes,5,3,4,1,1,5,0.0,10,10,10,2008-09-02
614,MS,F,17,R,GT3,T,4,4,teacher,services,other,father,2,2,0,no,yes,yes,yes,yes,yes,yes,no,4,3,3,1,2,5,,12,12,12,2008-09-07
615,MS,F,17,U,LE3,A,3,2,services,other,reputation,mother,2,2,0,no,no,no,no,yes,yes,no,yes,1,2,3,1,2,5,0.0,15,14,15,2008-09-09
616,MS,M,18,U,LE3,T,1,1,other,services,home,father,2,1,0,no,no,no,no,no,yes,yes,yes,3,3,2,1,2,3,2.0,14,13,14,2008-09-06
617,MS,F,18,U,LE3,T,1,1,at_home,services,course,father,2,3,0,no,no,no,no,yes,yes,yes,no,5,3,2,1,1,4,0.0,19,17,18,2008-09-02
618,MS,F,18,R,LE3,A,1,2,at_home,other,course,mother,3,2,0,no,no,no,no,yes,yes,no,yes,4,3,4,1,4,5,0.0,16,15,15,2008-09-03
619,MS,F,18,U,GT3,T,3,3,services,services,other,mother,2,2,0,no,yes,no,no,yes,yes,yes,yes,4,3,2,1,3,3,6.0,13,12,13,2008-09-12
620,MS,F,17,U,LE3,T,4,4,at_home,at_home,course,mother,1,2,0,no,yes,no,yes,yes,yes,yes,yes,2,3,4,1,1,1,,15,14,15,2008-09-14
621,MS,F,17,R,GT3,T,1,2,other,services,course,father,2,2,0,no,no,no,no,no,yes,no,no,3,2,2,1,2,3,0.0,13,13,13,2008-09-11
622,MS,M,18,R,GT3,T,1,3,,other,course,mother,2,2,0,no,yes,yes,no,yes,yes,no,no,3,3,4,2,4,3,0.0,8,10,9,2008-09-02
623,MS,M,18,U,LE3,T,4,4,teacher,services,other,mother,2,3,0,no,no,no,no,yes,yes,yes,yes,4,2,2,2,2,5,0.0,15,16,16,2008-09-12
624,MS,F,17,R,GT3,T,1,1,other,services,reputation,mother,3,1,1,no,yes,no,no,yes,yes,yes,yes,5,2,1,1,2,1,0.0,8,8,9,2008-09-10
625,MS,F,18,U,GT3,T,2,3,at_home,services,course,father,2,1,0,no,yes,no,no,yes,yes,yes,yes,5,2,3,1,2,4,0.0,10,10,10,2008-09-08
626,MS,F,18,R,GT3,T,4,4,other,teacher,other,father,3,2,0,no,yes,no,no,no,yes,yes,yes,3,2,2,4,2,5,0.0,7,5,0,2008-09-03
627,MS,M,18,R,LE3,T,1,2,at_home,services,other,father,3,1,0,no,yes,no,yes,yes,no,yes,yes,4,3,3,2,3,3,3.0,9,10,10,2008-09-14
628,MS,F,17,U,GT3,T,2,2,other,at_home,home,mother,1,3,0,no,no,no,yes,yes,yes,no,yes,3,4,3,1,1,3,8.0,10,11,12,2008-09-07
629,MS,F,17,R,GT3,T,1,2,other,other,course,mother,1,1,0,no,no,no,yes,yes,yes,yes,no,3,5,5,1,3,1,,7,8,9,2008-09-01
630,MS,F,18,R,LE3,T,4,4,other,other,reputation,mother,2,3,0,no,no,no,no,yes,yes,yes,no,5,4,4,1,1,1,0.0,15,17,17,2008-09-03
631,MS,F,18,R,GT3,T,1,1,other,other,home,mother,4,3,0,no,no,no,no,yes,yes,yes,no,4,3,2,1,2,4,4.0,10,11,12,2008-09-06
632,MS,F,19,R,GT3,T,1,1,at_home,other,course,other,2,2,1,no,yes,no,no,yes,yes,yes,yes,4,3,3,1,1,3,4.0,7,8,9,2008-09-01
633,MS,F,18,R,LE3,T,4,4,,services,course,mother,1,2,0,no,no,no,yes,yes,yes,yes,no,5,4,3,3,4,2,1.0,13,14,14,2008-09-05
634,MS,F,18,U,GT3,T,3,3,other,other,home,mother,1,2,0,no,no,no,no,yes,yes,yes,yes,4,1,3,1,2,1,1.0,16,16,16,2008-09-07
635,MS,F,17,R,GT3,T,3,1,at_home,other,reputation,mother,1,2,0,no,yes,no,yes,no,yes,yes,no,4,5,4,2,3,1,10.0,8,9,9,2008-09-14
636,MS,M,18,U,GT3,T,4,4,teacher,teacher,home,father,1,2,0,no,no,no,yes,no,yes,yes,no,3,2,4,1,4,2,4.0,17,18,19,2008-09-02
637,MS,M,18,R,GT3,T,2,1,other,other,other,mother,2,1,0,no,no,no,yes,no,yes,yes,yes,4,4,3,1,3,5,0.0,7,7,0,2008-09-09
638,MS,M,17,U,GT3,T,2,3,other,services,home,father,2,2,0,no,no,no,yes,yes,yes,yes,no,4,4,3,1,1,3,4.0,14,15,16,2008-09-13
639,MS,M,19,R,GT3,T,1,1,other,services,other,mother,2,1,1,no,no,no,no,yes,yes,no,no,4,3,2,1,3,5,0.0,5,8,0,2008-09-12
640,MS,M,18,R,GT3,T,4,2,other,other,home,father,2,1,1,no,no,yes,no,yes,yes,no,no,5,4,3,4,3,3,0.0,7,7,0,2008-09-13
641,MS,F,18,R,GT3,T,2,2,at_home,other,other,mother,2,3,0,no,no,no,no,yes,yes,no,no,5,3,3,1,3,4,0.0,14,17,15,2008-09-03
642,MS,F,17,U,GT3,T,4,3,teacher,other,other,mother,2,2,0,no,no,no,no,yes,yes,yes,no,5,5,4,1,1,1,0.0,6,9,11,2008-09-12
643,MS,F,18,R,GT3,T,4,4,teacher,at_home,reputation,mother,3,1,0,no,yes,no,yes,yes,yes,yes,yes,4,4,3,2,2,5,4.0,7,9,10,2008-09-14
644,MS,F,19,R,GT3,T,2,3,services,other,course,mother,1,3,1,no,no,no,yes,no,yes,yes,no,5,4,2,1,2,5,4.0,10,11,10,2008-09-05
645,MS,F,18,U,LE3,T,3,1,teacher,services,course,mother,1,2,0,no,yes,no,no,yes,yes,yes,no,4,3,4,1,1,1,4.0,15,15,16,2008-09-07
646,MS,F,18,U,GT3,T,1,1,other,other,course,mother,2,2,0,no,no,no,yes,yes,yes,no,no,1,1,1,1,1,5,,11,12,9,2008-09-08
647,MS,M,17,U,LE3,T,3,1,services,services,course,mother,2,1,0,no,no,no,no,no,yes,yes,no,2,4,5,3,4,2,6.0,10,10,10,2008-09-07
648,MS,M,18,R,LE3,T,3,2,services,other,course,mother,3,1,0,no,no,no,no,no,yes,yes,no,4,4,1,3,4,5,4.0,10,11,11,2008-09-05
